country	date	Confirmed	Deaths
Denmark	2020-01-22	0	0
Denmark	2020-01-23	0	0
Denmark	2020-01-24	0	0
Denmark	2020-01-25	0	0
Denmark	2020-01-26	0	0
Denmark	2020-01-27	0	0
Denmark	2020-01-28	0	0
Denmark	2020-01-29	0	0
Denmark	2020-01-30	0	0
Denmark	2020-01-31	0	0
Denmark	2020-02-01	0	0
Denmark	2020-02-02	0	0
Denmark	2020-02-03	0	0
Denmark	2020-02-04	0	0
Denmark	2020-02-05	0	0
Denmark	2020-02-06	0	0
Denmark	2020-02-07	0	0
Denmark	2020-02-08	0	0
Denmark	2020-02-09	0	0
Denmark	2020-02-10	0	0
Denmark	2020-02-11	0	0
Denmark	2020-02-12	0	0
Denmark	2020-02-13	0	0
Denmark	2020-02-14	0	0
Denmark	2020-02-15	0	0
Denmark	2020-02-16	0	0
Denmark	2020-02-17	0	0
Denmark	2020-02-18	0	0
Denmark	2020-02-19	0	0
Denmark	2020-02-20	0	0
Denmark	2020-02-21	0	0
Denmark	2020-02-22	0	0
Denmark	2020-02-23	0	0
Denmark	2020-02-24	0	0
Denmark	2020-02-25	0	0
Denmark	2020-02-26	0	0
Denmark	2020-02-27	1	0
Denmark	2020-02-28	1	0
Denmark	2020-02-29	3	0
Denmark	2020-03-01	4	0
Denmark	2020-03-02	4	0
Denmark	2020-03-03	6	0
Denmark	2020-03-04	10	0
Denmark	2020-03-05	10	0
Denmark	2020-03-06	23	0
Denmark	2020-03-07	23	0
Denmark	2020-03-08	35	0
Denmark	2020-03-09	90	0
Denmark	2020-03-10	262	0
Denmark	2020-03-11	442	0
Denmark	2020-03-12	615	0
Denmark	2020-03-13	801	0
Denmark	2020-03-14	827	1
Denmark	2020-03-15	864	2
Denmark	2020-03-16	914	3
Denmark	2020-03-17	977	4
Denmark	2020-03-18	1057	4
Denmark	2020-03-19	1151	6
Denmark	2020-03-20	1255	9
Denmark	2020-03-21	1326	13
Denmark	2020-03-22	1395	13
Denmark	2020-03-23	1450	24
Denmark	2020-03-24	1591	32
Denmark	2020-03-25	1724	34
Denmark	2020-03-26	1877	41
Denmark	2020-03-27	2046	52
Denmark	2020-03-28	2201	65
Denmark	2020-03-29	2395	72
Denmark	2020-03-30	2577	77
Denmark	2020-03-31	2860	90
Denmark	2020-04-01	3107	104
Denmark	2020-04-02	3386	123
Denmark	2020-04-03	3757	139
Denmark	2020-04-04	4077	161
Denmark	2020-04-05	4369	179
Denmark	2020-04-06	4681	187
Denmark	2020-04-07	5071	203
Denmark	2020-04-08	5402	218
Denmark	2020-04-09	5635	237
Denmark	2020-04-10	5819	247
Denmark	2020-04-11	5996	260
Denmark	2020-04-12	6174	273
Denmark	2020-04-13	6318	285
Denmark	2020-04-14	6511	299
Denmark	2020-04-15	6681	309
Denmark	2020-04-16	6879	321
Denmark	2020-04-17	7073	336
Denmark	2020-04-18	7242	346
Denmark	2020-04-19	7384	355
Denmark	2020-04-20	7515	364
Denmark	2020-04-21	7695	370
Denmark	2020-04-22	7912	384
Denmark	2020-04-23	8073	394
Denmark	2020-04-24	8210	403
Denmark	2020-04-25	8445	418
Denmark	2020-04-26	8575	422
Denmark	2020-04-27	8698	427
Denmark	2020-04-28	8851	434
Denmark	2020-04-29	9008	443
Denmark	2020-04-30	9158	452
Denmark	2020-05-01	9311	460
Denmark	2020-05-02	9407	475
Denmark	2020-05-03	9523	484
Denmark	2020-05-04	9670	493
Denmark	2020-05-05	9821	503
Denmark	2020-05-06	9938	506
Denmark	2020-05-07	10083	514
Denmark	2020-05-08	10218	522
Denmark	2020-05-09	10319	526
Denmark	2020-05-10	10429	529
Denmark	2020-05-11	10513	533
Denmark	2020-05-12	10591	527
Denmark	2020-05-13	10667	533
Denmark	2020-05-14	10713	537
Denmark	2020-05-15	10791	537
Denmark	2020-05-16	10858	543
Denmark	2020-05-17	10927	547
Denmark	2020-05-18	10968	548
Denmark	2020-05-19	11044	551
Denmark	2020-05-20	11117	554
Denmark	2020-05-21	11182	561
Denmark	2020-05-22	11230	561
Denmark	2020-05-23	11289	561
Denmark	2020-05-24	11360	562
Denmark	2020-05-25	11387	563
Denmark	2020-05-26	11428	563
Denmark	2020-05-27	11480	565
Denmark	2020-05-28	11512	568
Denmark	2020-05-29	11593	568
Denmark	2020-05-30	11633	571
Denmark	2020-05-31	11669	574
Denmark	2020-06-01	11699	576
Denmark	2020-06-02	11734	580
Denmark	2020-06-03	11771	580
Denmark	2020-06-04	11811	582
Denmark	2020-06-05	11875	586
Denmark	2020-06-06	11924	587
Denmark	2020-06-07	11948	589
Denmark	2020-06-08	11962	593
Denmark	2020-06-09	12001	593
Denmark	2020-06-10	12016	593
Denmark	2020-06-11	12035	593
Denmark	2020-06-12	12099	594
Denmark	2020-06-13	12139	597
Denmark	2020-06-14	12193	597
Denmark	2020-06-15	12217	598
Denmark	2020-06-16	12250	598
Denmark	2020-06-17	12294	598
Denmark	2020-06-18	12344	600
Denmark	2020-06-19	12391	600
Denmark	2020-06-20	12391	600
Denmark	2020-06-21	12391	600
Denmark	2020-06-22	12527	602
Denmark	2020-06-23	12561	603
Denmark	2020-06-24	12615	603
Denmark	2020-06-25	12636	603
Denmark	2020-06-26	12675	604
Denmark	2020-06-27	12675	604
Denmark	2020-06-28	12675	604
Denmark	2020-06-29	12751	605
Denmark	2020-06-30	12768	605
Denmark	2020-07-01	12794	606
Denmark	2020-07-02	12815	606
Denmark	2020-07-03	12832	606
Denmark	2020-07-04	12832	606
Denmark	2020-07-05	12832	606
Denmark	2020-07-06	12878	607
Denmark	2020-07-07	12888	609
Denmark	2020-07-08	12900	609
Denmark	2020-07-09	12916	609
Denmark	2020-07-10	12946	609
Denmark	2020-07-11	12946	609
Denmark	2020-07-12	12946	609
Denmark	2020-07-13	13037	610
Denmark	2020-07-14	13061	610
Denmark	2020-07-15	13092	610
Denmark	2020-07-16	13124	610
Denmark	2020-07-17	13173	611
Denmark	2020-07-18	13173	611
Denmark	2020-07-19	13173	611
Denmark	2020-07-20	13262	611
Denmark	2020-07-21	13302	611
Denmark	2020-07-22	13350	611
Denmark	2020-07-23	13390	612
Denmark	2020-07-24	13438	613
Denmark	2020-07-25	13438	613
Denmark	2020-07-26	13438	613
Denmark	2020-07-27	13547	613
Denmark	2020-07-28	13577	613
Denmark	2020-07-29	13634	614
Denmark	2020-07-30	13725	615
Denmark	2020-07-31	13789	615
Denmark	2020-08-01	13789	615
Denmark	2020-08-02	13789	615
Denmark	2020-08-03	13996	616
Denmark	2020-08-04	14073	616
Denmark	2020-08-05	14185	616
Denmark	2020-08-06	14306	617
Denmark	2020-08-07	14442	617
Denmark	2020-08-08	14442	617
Denmark	2020-08-09	14442	617
Denmark	2020-08-10	14815	620
Denmark	2020-08-11	14959	621
Denmark	2020-08-12	15070	621
Denmark	2020-08-13	15214	621
Denmark	2020-08-14	15379	621
Denmark	2020-08-15	15483	621
Denmark	2020-08-16	15617	621
Denmark	2020-08-17	15740	621
Denmark	2020-08-18	15855	621
Denmark	2020-08-19	15940	621
Denmark	2020-08-20	16056	621
Denmark	2020-08-21	16127	621
Denmark	2020-08-22	16239	622
Denmark	2020-08-23	16317	622
Denmark	2020-08-24	16397	623
Denmark	2020-08-25	16480	623
Denmark	2020-08-26	16537	623
Denmark	2020-08-27	16627	624
Denmark	2020-08-28	16700	624
Denmark	2020-08-29	16779	624
Denmark	2020-08-30	16891	624
Denmark	2020-08-31	16985	624
Denmark	2020-09-01	17084	625
Denmark	2020-09-02	17195	626
Denmark	2020-09-03	17374	626
Denmark	2020-09-04	17547	627
Denmark	2020-09-05	17736	627
Denmark	2020-09-06	17883	627
Denmark	2020-09-07	18113	628
Denmark	2020-09-08	18356	628
Denmark	2020-09-09	18607	628
Denmark	2020-09-10	18924	629
Denmark	2020-09-11	19216	629
Denmark	2020-09-12	19557	630
Denmark	2020-09-13	19890	631
Denmark	2020-09-14	20237	633
Denmark	2020-09-15	20571	633
Denmark	2020-09-16	20571	633
Denmark	2020-09-17	21393	635
Denmark	2020-09-18	21847	635
Denmark	2020-09-19	22436	635
Denmark	2020-09-20	22905	638
Denmark	2020-09-21	23323	640
Denmark	2020-09-22	23799	641
Denmark	2020-09-23	24357	643
Denmark	2020-09-24	24916	645
Denmark	2020-09-25	25594	647
Denmark	2020-09-26	26213	648
Denmark	2020-09-27	26637	649
Denmark	2020-09-28	27072	649
Denmark	2020-09-29	27464	650
Denmark	2020-09-30	27998	650
Denmark	2020-10-01	28396	651
Denmark	2020-10-02	28932	652
Denmark	2020-10-03	29302	654
Denmark	2020-10-04	29680	658
Denmark	2020-10-05	30057	659
Denmark	2020-10-06	30379	663
Denmark	2020-10-07	30710	663
Denmark	2020-10-08	31156	665
Denmark	2020-10-09	31638	665
Denmark	2020-10-10	32082	667
Denmark	2020-10-11	32422	669
Denmark	2020-10-12	32811	671
Denmark	2020-10-13	33101	674
Denmark	2020-10-14	33593	675
Denmark	2020-10-15	34023	677
Denmark	2020-10-16	34441	677
Denmark	2020-10-17	34941	679
Denmark	2020-10-18	35392	680
Denmark	2020-10-19	35844	686
Denmark	2020-10-20	36373	688
Denmark	2020-10-21	37003	690
Denmark	2020-10-22	37763	694
Denmark	2020-10-23	38622	697
Denmark	2020-10-24	39411	700
Denmark	2020-10-25	40356	702
Denmark	2020-10-26	41412	708
Denmark	2020-10-27	42157	709
Denmark	2020-10-28	43174	715
Denmark	2020-10-29	44034	716
Denmark	2020-10-30	45225	719
Denmark	2020-10-31	46351	721
Denmark	2020-11-01	47299	723
Denmark	2020-11-02	48241	724
Denmark	2020-11-03	49594	728
Denmark	2020-11-04	50530	729
Denmark	2020-11-05	51753	733
Denmark	2020-11-06	53180	738
Denmark	2020-11-07	54230	740
Denmark	2020-11-08	55121	743
Denmark	2020-11-09	55892	747
Denmark	2020-11-10	56958	750
Denmark	2020-11-11	57952	753
Denmark	2020-11-12	58963	755
Denmark	2020-11-13	60000	756
Denmark	2020-11-14	61078	757
Denmark	2020-11-15	62136	760
Denmark	2020-11-16	63331	764
Denmark	2020-11-17	64551	768
Denmark	2020-11-18	65808	770
Denmark	2020-11-19	67105	773
Denmark	2020-11-20	68362	778
Denmark	2020-11-21	69635	781
Denmark	2020-11-22	70485	784
Denmark	2020-11-23	71654	789
Denmark	2020-11-24	73021	797
Denmark	2020-11-25	74204	802
Denmark	2020-11-26	75395	811
Denmark	2020-11-27	76718	816
Denmark	2020-11-28	78354	823
Denmark	2020-11-29	79352	829
Denmark	2020-11-30	80481	837
Denmark	2020-12-01	81949	846
Denmark	2020-12-02	83535	852
Denmark	2020-12-03	85140	858
Denmark	2020-12-04	86743	867
Denmark	2020-12-05	88858	878
Denmark	2020-12-06	90603	885
Denmark	2020-12-07	92649	894
Denmark	2020-12-08	94799	901
Denmark	2020-12-09	97357	904
Denmark	2020-12-10	100489	918
Denmark	2020-12-11	103564	927
Denmark	2020-12-12	107116	935
Denmark	2020-12-13	109758	941
Denmark	2020-12-14	113095	950
Denmark	2020-12-15	116087	961
Denmark	2020-12-16	119779	975
Denmark	2020-12-17	123813	992
Denmark	2020-12-18	128321	1007
Denmark	2020-12-19	131606	1019
Denmark	2020-12-20	134434	1035
Denmark	2020-12-21	137632	1053
Denmark	2020-12-22	140175	1070
Denmark	2020-12-23	143472	1096
Denmark	2020-12-24	146341	1114
Denmark	2020-12-25	149333	1134
Denmark	2020-12-26	151167	1153
Denmark	2020-12-27	153347	1174
Denmark	2020-12-28	155826	1204
Denmark	2020-12-29	158447	1226
Denmark	2020-12-30	161230	1256
Denmark	2020-12-31	163479	1298
Denmark	2021-01-01	165930	1322
Denmark	2021-01-02	167541	1345
Denmark	2021-01-03	168711	1374
Denmark	2021-01-04	170787	1389
Denmark	2021-01-05	172779	1420
Denmark	2021-01-06	174995	1450
Denmark	2021-01-07	176837	1487
Denmark	2021-01-08	178497	1517
Denmark	2021-01-09	180240	1542
Denmark	2021-01-10	181486	1570
Denmark	2021-01-11	182725	1597
Denmark	2021-01-12	183801	1623
Denmark	2021-01-13	185159	1660
Denmark	2021-01-14	185159	1660
Denmark	2021-01-15	187320	1720
Denmark	2021-01-16	188199	1747
Denmark	2021-01-17	189088	1775
Denmark	2021-01-18	189895	1805
Denmark	2021-01-19	190619	1837
Denmark	2021-01-20	191505	1872
Denmark	2021-01-21	192265	1909
Denmark	2021-01-22	193038	1941
Denmark	2021-01-23	193917	1969
Denmark	2021-01-24	194671	1983
Denmark	2021-01-25	195296	2010
Denmark	2021-01-26	195948	2030
Denmark	2021-01-27	196540	2050
Denmark	2021-01-28	197208	2071
Denmark	2021-01-29	197664	2084
Denmark	2021-01-30	198095	2106
Denmark	2021-01-31	198472	2125
Denmark	2021-02-01	198960	2145
Denmark	2021-02-02	199357	2160
Denmark	2021-02-03	199782	2170
Denmark	2021-02-04	200335	2184
Denmark	2021-02-05	200773	2201
Denmark	2021-02-06	201186	2215
Denmark	2021-02-07	201621	2216
Denmark	2021-02-08	202051	2216
Denmark	2021-02-09	202417	2244
Denmark	2021-02-10	202887	2255
Denmark	2021-02-11	203365	2269
Denmark	2021-02-12	203793	2280
Denmark	2021-02-13	204067	2284
Denmark	2021-02-14	204362	2292
Denmark	2021-02-15	204799	2301
Denmark	2021-02-16	205183	2308
Denmark	2021-02-17	205597	2316
Denmark	2021-02-18	206065	2319
Denmark	2021-02-19	206617	2327
Denmark	2021-02-20	207081	2333
Denmark	2021-02-21	207577	2338
Denmark	2021-02-22	208027	2343
Denmark	2021-02-23	208556	2343
Denmark	2021-02-24	209079	2345
Denmark	2021-02-25	209682	2351
Denmark	2021-02-26	210212	2353
Denmark	2021-02-27	210732	2358
Denmark	2021-02-28	211195	2361
Denmark	2021-03-01	211692	2365
Denmark	2021-03-02	212224	2367
Denmark	2021-03-03	212798	2370
Denmark	2021-03-04	213318	2374
Denmark	2021-03-05	213932	2377
Denmark	2021-03-06	214326	2377
Denmark	2021-03-07	214839	2379
Denmark	2021-03-08	215264	2381
Denmark	2021-03-09	215791	2381
Denmark	2021-03-10	217798	2382
Denmark	2021-03-11	218660	2384
Denmark	2021-03-12	219305	2387
Denmark	2021-03-13	219918	2390
Denmark	2021-03-14	220459	2391
Denmark	2021-03-15	221071	2393
Denmark	2021-03-16	221842	2395
Denmark	2021-03-17	222629	2396
Denmark	2021-03-18	223415	2397
Denmark	2021-03-19	224258	2397
Denmark	2021-03-20	224848	2399
Denmark	2021-03-21	225505	2400
Denmark	2021-03-22	226777	2402
Denmark	2021-03-23	227031	2403
Denmark	2021-03-24	225030	2404
Denmark	2021-03-25	225844	2409
Denmark	2021-03-26	226633	2411
Denmark	2021-03-27	227049	2413
Denmark	2021-03-28	228013	2414
Denmark	2021-03-29	228692	2415
Denmark	2021-03-30	229902	2417
Denmark	2021-03-31	230603	2419
Denmark	2021-04-01	231265	2423
Denmark	2021-04-02	231973	2424
Denmark	2021-04-03	232718	2428
Denmark	2021-04-04	233318	2429
Denmark	2021-04-05	233797	2430
Denmark	2021-04-06	234317	2432
Denmark	2021-04-07	234931	2435
Denmark	2021-04-08	235648	2436
Denmark	2021-04-09	236346	2436
Denmark	2021-04-10	237101	2439
Denmark	2021-04-11	237792	2441
Denmark	2021-04-12	238306	2443
Denmark	2021-04-13	238869	2446
Denmark	2021-04-14	239532	2447
Denmark	2021-04-15	240330	2449
Denmark	2021-04-16	241007	2452
Denmark	2021-04-17	241731	2452
Denmark	2021-04-18	242633	2455
Denmark	2021-04-19	243374	2459
Denmark	2021-04-20	244065	2463
Denmark	2021-04-21	244868	2465
Denmark	2021-04-22	245761	2467
Denmark	2021-04-23	246463	2472
Denmark	2021-04-24	247010	2474
Denmark	2021-04-25	247622	2475
Denmark	2021-04-26	248326	2477
Denmark	2021-04-27	248950	2479
Denmark	2021-04-28	249785	2481
Denmark	2021-04-29	250554	2483
Denmark	2021-04-30	250554	2483
Denmark	2021-05-01	252045	2489
Denmark	2021-05-02	252912	2490
Denmark	2021-05-03	253673	2490
Denmark	2021-05-04	254482	2491
Denmark	2021-05-05	254482	2491
Denmark	2021-05-06	256482	2493
Denmark	2021-05-07	257505	2495
Denmark	2021-05-08	258182	2497
Denmark	2021-05-09	259056	2497
Denmark	2021-05-10	259988	2497
Denmark	2021-05-11	260913	2499
Denmark	2021-05-12	262159	2499
Denmark	2021-05-13	263514	2499
Denmark	2021-05-14	264465	2499
Denmark	2021-05-15	265539	2502
Denmark	2021-05-16	266503	2502
Denmark	2021-05-17	267339	2503
Denmark	2021-05-18	268255	2503
Denmark	2021-05-19	269343	2505
Denmark	2021-05-20	270557	2506
Denmark	2021-05-21	271908	2506
Denmark	2021-05-22	272659	2507
Denmark	2021-05-23	273494	2508
Denmark	2021-05-24	274413	2509
Denmark	2021-05-25	275207	2510
Denmark	2021-05-26	276280	2511
Denmark	2021-05-27	277399	2511
Denmark	2021-05-28	278396	2512
Denmark	2021-05-29	279434	2516
Denmark	2021-05-30	280383	2516
Denmark	2021-05-31	281227	2516
Denmark	2021-06-01	282135	2516
Denmark	2021-06-02	283089	2516
Denmark	2021-06-03	284117	2517
Denmark	2021-06-04	285044	2517
Denmark	2021-06-05	285636	2518
Denmark	2021-06-06	286489	2518
Denmark	2021-06-07	286948	2520
Denmark	2021-06-08	287325	2520
Denmark	2021-06-09	288229	2520
Denmark	2021-06-10	288704	2522
Denmark	2021-06-11	289122	2523
Denmark	2021-06-12	289559	2525
Denmark	2021-06-13	289874	2525
Denmark	2021-06-14	290111	2526
Denmark	2021-06-15	290333	2527
Denmark	2021-06-16	290686	2527
Denmark	2021-06-17	291017	2528
Denmark	2021-06-18	291220	2528
Denmark	2021-06-19	291463	2530
Denmark	2021-06-20	291652	2530
Denmark	2021-06-21	291801	2531
Denmark	2021-06-22	291956	2531
Denmark	2021-06-23	292179	2531
Denmark	2021-06-24	292352	2531
Denmark	2021-06-25	292574	2531
Denmark	2021-06-26	292769	2531
Denmark	2021-06-27	292943	2532
Denmark	2021-06-28	293094	2533
Denmark	2021-06-29	293337	2534
Denmark	2021-06-30	293677	2534
Denmark	2021-07-01	294152	2535
Denmark	2021-07-02	294478	2536
Denmark	2021-07-03	294925	2537
Denmark	2021-07-04	295317	2537
Denmark	2021-07-05	295654	2537
Denmark	2021-07-06	296196	2538
Denmark	2021-07-07	296885	2538
Denmark	2021-07-08	297543	2538
Denmark	2021-07-09	298094	2538
Denmark	2021-07-10	298614	2539
Denmark	2021-07-11	299223	2539
Denmark	2021-07-12	300071	2539
Denmark	2021-07-13	301126	2539
Denmark	2021-07-14	302328	2539
Denmark	2021-07-15	303469	2540
Denmark	2021-07-16	304429	2541
Denmark	2021-07-17	305459	2542
Denmark	2021-07-18	306100	2542
Denmark	2021-07-19	306944	2542
Denmark	2021-07-20	307764	2542
Denmark	2021-07-21	308615	2542
Denmark	2021-07-22	309420	2542
Denmark	2021-07-23	310127	2542
Denmark	2021-07-24	310876	2542
Denmark	2021-07-25	311520	2542
Denmark	2021-07-26	312292	2543
Denmark	2021-07-27	312851	2546
Denmark	2021-07-28	314135	2547
Denmark	2021-07-29	314983	2548
Denmark	2021-07-30	316068	2548
Denmark	2021-07-31	316807	2549
Denmark	2021-08-01	317700	2549
Denmark	2021-08-02	318485	2550
Denmark	2021-08-03	319295	2550
Denmark	2021-08-04	320222	2550
Denmark	2021-08-05	321154	2552
Denmark	2021-08-06	322019	2552
Denmark	2021-08-07	322965	2552
Denmark	2021-08-08	323786	2552
Denmark	2021-08-09	324721	2552
Denmark	2021-08-10	325725	2554
Denmark	2021-08-11	326887	2554
Denmark	2021-08-12	327972	2555
Denmark	2021-08-13	329010	2558
Denmark	2021-08-14	329927	2559
Denmark	2021-08-15	330777	2560
Denmark	2021-08-16	331736	2560
Denmark	2021-08-17	332622	2562
Denmark	2021-08-18	333815	2562
Denmark	2021-08-19	334799	2562
Denmark	2021-08-20	335722	2563
Denmark	2021-08-21	336746	2564
Denmark	2021-08-22	337466	2566
Denmark	2021-08-23	338240	2567
Denmark	2021-08-24	339580	2568
Denmark	2021-08-25	340567	2571
Denmark	2021-08-26	341549	2573
Denmark	2021-08-27	342474	2576
Denmark	2021-08-28	343351	2577
Denmark	2021-08-29	344088	2580
Denmark	2021-08-30	344850	2580
Denmark	2021-08-31	345693	2584
Denmark	2021-09-01	346518	2584
Denmark	2021-09-02	347212	2584
Denmark	2021-09-03	347909	2587
Denmark	2021-09-04	348347	2590
Denmark	2021-09-05	348979	2590
Denmark	2021-09-06	349440	2592
Denmark	2021-09-07	349891	2594
Denmark	2021-09-08	350405	2599
Denmark	2021-09-09	350996	2604
Denmark	2021-09-10	351553	2608
Denmark	2021-09-11	351939	2611
Denmark	2021-09-12	352373	2611
Denmark	2021-09-13	352636	2614
Denmark	2021-09-14	353061	2614
Denmark	2021-09-15	353431	2617
Denmark	2021-09-16	353744	2619
Denmark	2021-09-17	354068	2622
Denmark	2021-09-18	354393	2625
Denmark	2021-09-19	354645	2628
Denmark	2021-09-20	354913	2630
Denmark	2021-09-21	355257	2633
Denmark	2021-09-22	355603	2634
Denmark	2021-09-23	355944	2638
Denmark	2021-09-24	356326	2640
Denmark	2021-09-25	356684	2640
Denmark	2021-09-26	357037	2642
Denmark	2021-09-27	357370	2646
Denmark	2021-09-28	357827	2652
Denmark	2021-09-29	358369	2654
Denmark	2021-09-30	358796	2656
Denmark	2021-10-01	359237	2659
Denmark	2021-10-02	359663	2663
Denmark	2021-10-03	360031	2663
Denmark	2021-10-04	360411	2664
Denmark	2021-10-05	360888	2664
Denmark	2021-10-06	361461	2665
Denmark	2021-10-07	362068	2668
Denmark	2021-10-08	362738	2669
Denmark	2021-10-09	363356	2669
Denmark	2021-10-10	363900	2669
Denmark	2021-10-11	364464	2671
Denmark	2021-10-12	365051	2674
Denmark	2021-10-13	365840	2674
Denmark	2021-10-14	366607	2676
Denmark	2021-10-15	367307	2679
Denmark	2021-10-16	368060	2680
Denmark	2021-10-17	368651	2685
Denmark	2021-10-18	369403	2688
Denmark	2021-10-19	370159	2690
Denmark	2021-10-20	371286	2694
Denmark	2021-10-21	372533	2696
Denmark	2021-10-22	373803	2696
Denmark	2021-10-23	375065	2697
Denmark	2021-10-24	376414	2699
Denmark	2021-10-25	377825	2699
Denmark	2021-10-26	379078	2703
Denmark	2021-10-27	380949	2708
Denmark	2021-10-28	382796	2709
Denmark	2021-10-29	384580	2709
Denmark	2021-10-30	386251	2713
Denmark	2021-10-31	387783	2714
Denmark	2021-11-01	389240	2716
Denmark	2021-11-02	391221	2716
Denmark	2021-11-03	393199	2717
Denmark	2021-11-04	395797	2722
Denmark	2021-11-05	398048	2725
Denmark	2021-11-06	400145	2735
Denmark	2021-11-07	402561	2738
Denmark	2021-11-08	404855	2740
Denmark	2021-11-09	407417	2742
Denmark	2021-11-10	410434	2745
Denmark	2021-11-11	412566	2749
Denmark	2021-11-12	417151	2753
Denmark	2021-11-13	420099	2760
Denmark	2021-11-14	423322	2767
Denmark	2021-11-15	426992	2772
Denmark	2021-11-16	430891	2781
Denmark	2021-11-17	434798	2786
Denmark	2021-11-18	438811	2792
Denmark	2021-11-19	442881	2797
Denmark	2021-11-20	446676	2807
Denmark	2021-11-21	450091	2810
Denmark	2021-11-22	453802	2816
Denmark	2021-11-23	458001	2820
Denmark	2021-11-24	462427	2829
Denmark	2021-11-25	466817	2841
Denmark	2021-11-26	470893	2850
Denmark	2021-11-27	474637	2863
Denmark	2021-11-28	478927	2872
Denmark	2021-11-29	483253	2883
Denmark	2021-11-30	487401	2895
Denmark	2021-12-01	492521	2909
Denmark	2021-12-02	497201	2912
Denmark	2021-12-03	501760	2927
Denmark	2021-12-04	506085	2939
Denmark	2021-12-05	509111	2946
Denmark	2021-12-06	516257	2956
Denmark	2021-12-07	522581	2965
Denmark	2021-12-08	529210	2972
Denmark	2021-12-09	536195	2983
Denmark	2021-12-10	542794	2996
Denmark	2021-12-11	548400	3005
Denmark	2021-12-12	554389	3014
Denmark	2021-12-13	562188	3023
Denmark	2021-12-14	570502	3030
Denmark	2021-12-15	579275	3039
Denmark	2021-12-16	589274	3051
Denmark	2021-12-17	600468	3054
Denmark	2021-12-18	609062	3067
Denmark	2021-12-19	617274	3076
Denmark	2021-12-20	627356	3084
Denmark	2021-12-21	647934	3144
Denmark	2021-12-22	661320	3158
Denmark	2021-12-23	673807	3173
Denmark	2021-12-24	685036	3187
Denmark	2021-12-25	685036	3187
Denmark	2021-12-26	685036	3187
Denmark	2021-12-27	726071	3217
Denmark	2021-12-28	739071	3231
Denmark	2021-12-29	762299	3247
Denmark	2021-12-30	783702	3256
Denmark	2021-12-31	802397	3267
Denmark	2022-01-01	823282	3272
Denmark	2022-01-02	831236	3287
Denmark	2022-01-03	840037	3292
Denmark	2022-01-04	865110	3307
Denmark	2022-01-05	893393	3322
Denmark	2022-01-06	919388	3333
Denmark	2022-01-07	937649	3343
Denmark	2022-01-08	950237	3371
Denmark	2022-01-09	969485	3385
Denmark	2022-01-10	983899	3394
Denmark	2022-01-11	1006295	3408
Denmark	2022-01-12	1030638	3433
Denmark	2022-01-13	1056389	3453
Denmark	2022-01-14	1080003	3468
Denmark	2022-01-15	1105037	3484
Denmark	2022-01-16	1131206	3494
Denmark	2022-01-17	1159986	3505
Denmark	2022-01-18	1193479	3519
Denmark	2022-01-19	1232238	3535
Denmark	2022-01-20	1272864	3550
Denmark	2022-01-21	1319695	3571
Denmark	2022-01-22	1355815	3596
Denmark	2022-01-23	1397833	3608
Denmark	2022-01-24	1438181	3621
Denmark	2022-01-25	1484771	3635
Denmark	2022-01-26	1531518	3656
Denmark	2022-01-27	1582551	3674
Denmark	2022-01-28	1636206	3700
Denmark	2022-01-29	1677289	3717
Denmark	2022-01-30	1713485	3738
Denmark	2022-01-31	1742569	3755
Denmark	2022-02-01	1787935	3770
Denmark	2022-02-02	1842936	3790
Denmark	2022-02-03	1887161	3811
Denmark	2022-02-04	1927340	3828
Denmark	2022-02-05	1966530	3863
Denmark	2022-02-06	2003042	3881
Denmark	2022-02-07	2037891	3909
Denmark	2022-02-08	2087689	3927
Denmark	2022-02-09	2142809	3948
Denmark	2022-02-10	2196556	3977
Denmark	2022-02-11	2244726	4001
Denmark	2022-02-12	2289076	4038
Denmark	2022-02-13	2327399	4068
Denmark	2022-02-14	2356873	4109
Denmark	2022-02-15	2399851	4139
Denmark	2022-02-16	2442799	4163
Denmark	2022-02-17	2483399	4207
Denmark	2022-02-18	2519057	4250
Denmark	2022-02-19	2552361	4278
Denmark	2022-02-20	2578051	4312
Denmark	2022-02-21	2606934	4341
Denmark	2022-02-22	2637414	4375
Denmark	2022-02-23	2666454	4422
Denmark	2022-02-24	2691663	4461
Denmark	2022-02-25	2714447	4501
Denmark	2022-02-26	2731806	4538
Denmark	2022-02-27	2748260	4584
Denmark	2022-02-28	2764838	4612
Denmark	2022-03-01	2783399	4649
Denmark	2022-03-02	2803857	4687
Denmark	2022-03-03	2803857	4687
Denmark	2022-03-04	2837501	4772
Denmark	2022-03-05	2853236	4830
Denmark	2022-03-06	2864063	4868
Denmark	2022-03-07	2876288	4905
Denmark	2022-03-08	2891763	4948
Denmark	2022-03-09	2908721	5008
Denmark	2022-03-10	2923030	5049
Denmark	2022-03-11	2936856	5076
Denmark	2022-03-12	2943947	5128
Denmark	2022-03-13	2950605	5175
Denmark	2022-03-14	2958497	5196
Denmark	2022-03-15	2968444	5232
Denmark	2022-03-16	2978029	5257
Denmark	2022-03-17	2986355	5300
Denmark	2022-03-18	2993571	5338
Denmark	2022-03-19	2999923	5375
Denmark	2022-03-20	3004907	5402
Denmark	2022-03-21	3010128	5430
Denmark	2022-03-22	3017529	5460
Denmark	2022-03-23	3023820	5486
Denmark	2022-03-24	3029228	5518
Denmark	2022-03-25	3034882	5542
Denmark	2022-03-26	3039204	5583
Denmark	2022-03-27	3042563	5585
Denmark	2022-03-28	3045935	5585
Denmark	2022-03-29	3050431	5585
Denmark	2022-03-30	3054842	5668
Denmark	2022-03-31	3058773	5698
Denmark	2022-04-01	3061773	5723
Denmark	2022-04-02	3064625	5745
Denmark	2022-04-03	3066705	5762
Denmark	2022-04-04	3068971	5777
Denmark	2022-04-05	3072334	5798
Denmark	2022-04-06	3075548	5813
Denmark	2022-04-07	3078295	5837
Denmark	2022-04-08	3080975	5861
Denmark	2022-04-09	3083432	5885
Denmark	2022-04-10	3085154	5908
Denmark	2022-04-11	3086959	5921
Denmark	2022-04-12	3089642	5932
Denmark	2022-04-13	3091899	5945
Denmark	2022-04-14	3094158	5961
Denmark	2022-04-15	3095605	5974
Denmark	2022-04-16	3097015	5985
Finland	2020-01-22	0	0
Finland	2020-01-23	0	0
Finland	2020-01-24	0	0
Finland	2020-01-25	0	0
Finland	2020-01-26	0	0
Finland	2020-01-27	0	0
Finland	2020-01-28	0	0
Finland	2020-01-29	1	0
Finland	2020-01-30	1	0
Finland	2020-01-31	1	0
Finland	2020-02-01	1	0
Finland	2020-02-02	1	0
Finland	2020-02-03	1	0
Finland	2020-02-04	1	0
Finland	2020-02-05	1	0
Finland	2020-02-06	1	0
Finland	2020-02-07	1	0
Finland	2020-02-08	1	0
Finland	2020-02-09	1	0
Finland	2020-02-10	1	0
Finland	2020-02-11	2	0
Finland	2020-02-12	2	0
Finland	2020-02-13	2	0
Finland	2020-02-14	2	0
Finland	2020-02-15	2	0
Finland	2020-02-16	2	0
Finland	2020-02-17	2	0
Finland	2020-02-18	2	0
Finland	2020-02-19	2	0
Finland	2020-02-20	2	0
Finland	2020-02-21	2	0
Finland	2020-02-22	2	0
Finland	2020-02-23	3	0
Finland	2020-02-24	3	0
Finland	2020-02-25	3	0
Finland	2020-02-26	4	0
Finland	2020-02-27	4	0
Finland	2020-02-28	5	0
Finland	2020-02-29	8	0
Finland	2020-03-01	9	0
Finland	2020-03-02	10	0
Finland	2020-03-03	10	0
Finland	2020-03-04	14	0
Finland	2020-03-05	20	0
Finland	2020-03-06	21	0
Finland	2020-03-07	28	1
Finland	2020-03-08	35	1
Finland	2020-03-09	44	1
Finland	2020-03-10	61	1
Finland	2020-03-11	115	1
Finland	2020-03-12	191	1
Finland	2020-03-13	251	1
Finland	2020-03-14	279	2
Finland	2020-03-15	308	3
Finland	2020-03-16	361	3
Finland	2020-03-17	413	4
Finland	2020-03-18	460	6
Finland	2020-03-19	550	6
Finland	2020-03-20	649	7
Finland	2020-03-21	736	8
Finland	2020-03-22	823	10
Finland	2020-03-23	901	11
Finland	2020-03-24	985	15
Finland	2020-03-25	1084	16
Finland	2020-03-26	1188	21
Finland	2020-03-27	1301	25
Finland	2020-03-28	1396	27
Finland	2020-03-29	1473	31
Finland	2020-03-30	1543	41
Finland	2020-03-31	1672	51
Finland	2020-04-01	1797	58
Finland	2020-04-02	1946	62
Finland	2020-04-03	2107	68
Finland	2020-04-04	2306	73
Finland	2020-04-05	2387	80
Finland	2020-04-06	2509	84
Finland	2020-04-07	2718	94
Finland	2020-04-08	2918	111
Finland	2020-04-09	3056	119
Finland	2020-04-10	3214	130
Finland	2020-04-11	3285	133
Finland	2020-04-12	3360	136
Finland	2020-04-13	3440	147
Finland	2020-04-14	3557	159
Finland	2020-04-15	3732	169
Finland	2020-04-16	3862	183
Finland	2020-04-17	3982	195
Finland	2020-04-18	4107	205
Finland	2020-04-19	4163	205
Finland	2020-04-20	4230	211
Finland	2020-04-21	4373	228
Finland	2020-04-22	4485	232
Finland	2020-04-23	4609	238
Finland	2020-04-24	4725	238
Finland	2020-04-25	4817	241
Finland	2020-04-26	4893	247
Finland	2020-04-27	4966	252
Finland	2020-04-28	5089	253
Finland	2020-04-29	5228	255
Finland	2020-04-30	5336	256
Finland	2020-05-01	5422	260
Finland	2020-05-02	5470	262
Finland	2020-05-03	5528	265
Finland	2020-05-04	5589	268
Finland	2020-05-05	5722	275
Finland	2020-05-06	5847	279
Finland	2020-05-07	5942	281
Finland	2020-05-08	6050	288
Finland	2020-05-09	6131	289
Finland	2020-05-10	6178	291
Finland	2020-05-11	6206	291
Finland	2020-05-12	6298	292
Finland	2020-05-13	6365	294
Finland	2020-05-14	6443	296
Finland	2020-05-15	6493	296
Finland	2020-05-16	6548	297
Finland	2020-05-17	6573	299
Finland	2020-05-18	6602	299
Finland	2020-05-19	6647	301
Finland	2020-05-20	6688	301
Finland	2020-05-21	6731	302
Finland	2020-05-22	6753	302
Finland	2020-05-23	6785	303
Finland	2020-05-24	6803	303
Finland	2020-05-25	6823	303
Finland	2020-05-26	6868	304
Finland	2020-05-27	6901	304
Finland	2020-05-28	6913	304
Finland	2020-05-29	6943	304
Finland	2020-05-30	6964	305
Finland	2020-05-31	6974	305
Finland	2020-06-01	6986	305
Finland	2020-06-02	7003	305
Finland	2020-06-03	7018	305
Finland	2020-06-04	7043	305
Finland	2020-06-05	7055	305
Finland	2020-06-06	7068	305
Finland	2020-06-07	7081	305
Finland	2020-06-08	7085	305
Finland	2020-06-09	7095	305
Finland	2020-06-10	7103	305
Finland	2020-06-11	7110	305
Finland	2020-06-12	7119	305
Finland	2020-06-13	7132	305
Finland	2020-06-14	7134	305
Finland	2020-06-15	7139	305
Finland	2020-06-16	7155	305
Finland	2020-06-17	7163	305
Finland	2020-06-18	7167	305
Finland	2020-06-19	7175	305
Finland	2020-06-20	7175	305
Finland	2020-06-21	7177	306
Finland	2020-06-22	7190	307
Finland	2020-06-23	7195	307
Finland	2020-06-24	7200	307
Finland	2020-06-25	7217	308
Finland	2020-06-26	7231	308
Finland	2020-06-27	7234	308
Finland	2020-06-28	7236	308
Finland	2020-06-29	7243	308
Finland	2020-06-30	7259	309
Finland	2020-07-01	7269	309
Finland	2020-07-02	7271	309
Finland	2020-07-03	7278	309
Finland	2020-07-04	7284	309
Finland	2020-07-05	7286	309
Finland	2020-07-06	7289	309
Finland	2020-07-07	7297	309
Finland	2020-07-08	7300	309
Finland	2020-07-09	7309	309
Finland	2020-07-10	7317	309
Finland	2020-07-11	7323	309
Finland	2020-07-12	7323	309
Finland	2020-07-13	7327	309
Finland	2020-07-14	7333	309
Finland	2020-07-15	7338	309
Finland	2020-07-16	7343	309
Finland	2020-07-17	7352	309
Finland	2020-07-18	7358	309
Finland	2020-07-19	7365	309
Finland	2020-07-20	7370	309
Finland	2020-07-21	7382	310
Finland	2020-07-22	7390	310
Finland	2020-07-23	7401	310
Finland	2020-07-24	7404	310
Finland	2020-07-25	7414	310
Finland	2020-07-26	7418	310
Finland	2020-07-27	7426	310
Finland	2020-07-28	7438	310
Finland	2020-07-29	7447	311
Finland	2020-07-30	7459	312
Finland	2020-07-31	7467	312
Finland	2020-08-01	7485	312
Finland	2020-08-02	7500	312
Finland	2020-08-03	7510	312
Finland	2020-08-04	7545	313
Finland	2020-08-05	7567	313
Finland	2020-08-06	7596	313
Finland	2020-08-07	7618	313
Finland	2020-08-08	7635	313
Finland	2020-08-09	7644	313
Finland	2020-08-10	7679	313
Finland	2020-08-11	7694	313
Finland	2020-08-12	7722	313
Finland	2020-08-13	7749	313
Finland	2020-08-14	7770	313
Finland	2020-08-15	7797	313
Finland	2020-08-16	7811	313
Finland	2020-08-17	7854	314
Finland	2020-08-18	7881	314
Finland	2020-08-19	7920	314
Finland	2020-08-20	7967	314
Finland	2020-08-21	7994	314
Finland	2020-08-22	8019	314
Finland	2020-08-23	8035	314
Finland	2020-08-24	8046	314
Finland	2020-08-25	8063	314
Finland	2020-08-26	8078	314
Finland	2020-08-27	8098	314
Finland	2020-08-28	8130	314
Finland	2020-08-29	8165	314
Finland	2020-08-30	8184	314
Finland	2020-08-31	8202	314
Finland	2020-09-01	8250	315
Finland	2020-09-02	8279	316
Finland	2020-09-03	8305	316
Finland	2020-09-04	8341	316
Finland	2020-09-05	8383	317
Finland	2020-09-06	8405	317
Finland	2020-09-07	8438	318
Finland	2020-09-08	8483	318
Finland	2020-09-09	8540	318
Finland	2020-09-10	8595	321
Finland	2020-09-11	8649	321
Finland	2020-09-12	8707	323
Finland	2020-09-13	8747	323
Finland	2020-09-14	8792	323
Finland	2020-09-15	8851	324
Finland	2020-09-16	8904	324
Finland	2020-09-17	8962	325
Finland	2020-09-18	9047	325
Finland	2020-09-19	9124	325
Finland	2020-09-20	9188	325
Finland	2020-09-21	9262	325
Finland	2020-09-22	9382	325
Finland	2020-09-23	9492	326
Finland	2020-09-24	9610	328
Finland	2020-09-25	9708	328
Finland	2020-09-26	9836	329
Finland	2020-09-27	9910	329
Finland	2020-09-28	9981	329
Finland	2020-09-29	10105	329
Finland	2020-09-30	10239	329
Finland	2020-10-01	10407	329
Finland	2020-10-02	10598	331
Finland	2020-10-03	10785	331
Finland	2020-10-04	10963	331
Finland	2020-10-05	11111	331
Finland	2020-10-06	11402	333
Finland	2020-10-07	11703	334
Finland	2020-10-08	12009	336
Finland	2020-10-09	12268	336
Finland	2020-10-10	12494	336
Finland	2020-10-11	12605	337
Finland	2020-10-12	12737	339
Finland	2020-10-13	12993	339
Finland	2020-10-14	13192	339
Finland	2020-10-15	13394	341
Finland	2020-10-16	13585	341
Finland	2020-10-17	13780	342
Finland	2020-10-18	13884	342
Finland	2020-10-19	14013	342
Finland	2020-10-20	14256	345
Finland	2020-10-21	14423	345
Finland	2020-10-22	14611	345
Finland	2020-10-23	14834	346
Finland	2020-10-24	15028	347
Finland	2020-10-25	15135	347
Finland	2020-10-26	15259	348
Finland	2020-10-27	15514	348
Finland	2020-10-28	15748	349
Finland	2020-10-29	15988	349
Finland	2020-10-30	16224	349
Finland	2020-10-31	16444	350
Finland	2020-11-01	16565	350
Finland	2020-11-02	16716	350
Finland	2020-11-03	17003	350
Finland	2020-11-04	17244	350
Finland	2020-11-05	17458	350
Finland	2020-11-06	17676	350
Finland	2020-11-07	17872	352
Finland	2020-11-08	18000	354
Finland	2020-11-09	18132	361
Finland	2020-11-10	18405	364
Finland	2020-11-11	18611	364
Finland	2020-11-12	18906	365
Finland	2020-11-13	19190	369
Finland	2020-11-14	19458	376
Finland	2020-11-15	19603	378
Finland	2020-11-16	19783	380
Finland	2020-11-17	20176	381
Finland	2020-11-18	20564	382
Finland	2020-11-19	20941	385
Finland	2020-11-20	21419	388
Finland	2020-11-21	21847	394
Finland	2020-11-22	22117	404
Finland	2020-11-23	22384	408
Finland	2020-11-24	22888	413
Finland	2020-11-25	23359	419
Finland	2020-11-26	23978	427
Finland	2020-11-27	24488	429
Finland	2020-11-28	24944	435
Finland	2020-11-29	25228	437
Finland	2020-11-30	25521	442
Finland	2020-12-01	26117	452
Finland	2020-12-02	26557	454
Finland	2020-12-03	27052	461
Finland	2020-12-04	27530	468
Finland	2020-12-05	28003	471
Finland	2020-12-06	28253	477
Finland	2020-12-07	28536	487
Finland	2020-12-08	29123	497
Finland	2020-12-09	29601	500
Finland	2020-12-10	30063	505
Finland	2020-12-11	30470	509
Finland	2020-12-12	30917	517
Finland	2020-12-13	31166	520
Finland	2020-12-14	31442	525
Finland	2020-12-15	31905	536
Finland	2020-12-16	32265	543
Finland	2020-12-17	32617	547
Finland	2020-12-18	32942	548
Finland	2020-12-19	33336	553
Finland	2020-12-20	33527	556
Finland	2020-12-21	33771	560
Finland	2020-12-22	34146	564
Finland	2020-12-23	34478	569
Finland	2020-12-24	34755	572
Finland	2020-12-25	34893	575
Finland	2020-12-26	35050	577
Finland	2020-12-27	35233	577
Finland	2020-12-28	35424	581
Finland	2020-12-29	35859	586
Finland	2020-12-30	36167	588
Finland	2020-12-31	36422	592
Finland	2021-01-01	36676	598
Finland	2021-01-02	36804	601
Finland	2021-01-03	37009	605
Finland	2021-01-04	37178	608
Finland	2021-01-05	37575	615
Finland	2021-01-06	37837	619
Finland	2021-01-07	38045	622
Finland	2021-01-08	38377	625
Finland	2021-01-09	38629	629
Finland	2021-01-10	38822	631
Finland	2021-01-11	39010	634
Finland	2021-01-12	39396	642
Finland	2021-01-13	39625	651
Finland	2021-01-14	39883	656
Finland	2021-01-15	40131	661
Finland	2021-01-16	40397	662
Finland	2021-01-17	40568	663
Finland	2021-01-18	40766	663
Finland	2021-01-19	41213	664
Finland	2021-01-20	41555	668
Finland	2021-01-21	41961	680
Finland	2021-01-22	42338	684
Finland	2021-01-23	42699	686
Finland	2021-01-24	42867	688
Finland	2021-01-25	43114	690
Finland	2021-01-26	43719	695
Finland	2021-01-27	44116	698
Finland	2021-01-28	44498	698
Finland	2021-01-29	44933	699
Finland	2021-01-30	45312	702
Finland	2021-01-31	45546	703
Finland	2021-02-01	45820	703
Finland	2021-02-02	46353	709
Finland	2021-02-03	46749	711
Finland	2021-02-04	47190	714
Finland	2021-02-05	47562	715
Finland	2021-02-06	47928	717
Finland	2021-02-07	48165	717
Finland	2021-02-08	48429	719
Finland	2021-02-09	48890	724
Finland	2021-02-10	49263	724
Finland	2021-02-11	49646	729
Finland	2021-02-12	50007	731
Finland	2021-02-13	50424	733
Finland	2021-02-14	50703	737
Finland	2021-02-15	50984	741
Finland	2021-02-16	51601	742
Finland	2021-02-17	52114	747
Finland	2021-02-18	52667	749
Finland	2021-02-19	53281	751
Finland	2021-02-20	53853	754
Finland	2021-02-21	54171	756
Finland	2021-02-22	54526	757
Finland	2021-02-23	55149	762
Finland	2021-02-24	55774	771
Finland	2021-02-25	56373	773
Finland	2021-02-26	57002	780
Finland	2021-02-27	57690	783
Finland	2021-02-28	58095	784
Finland	2021-03-01	58517	785
Finland	2021-03-02	59388	792
Finland	2021-03-03	60144	794
Finland	2021-03-04	60877	795
Finland	2021-03-05	61515	797
Finland	2021-03-06	62145	800
Finland	2021-03-07	62578	801
Finland	2021-03-08	62974	803
Finland	2021-03-09	63808	812
Finland	2021-03-10	64579	816
Finland	2021-03-11	65401	820
Finland	2021-03-12	66181	824
Finland	2021-03-13	66989	828
Finland	2021-03-14	67484	832
Finland	2021-03-15	67919	832
Finland	2021-03-16	68811	833
Finland	2021-03-17	69578	834
Finland	2021-03-18	70321	837
Finland	2021-03-19	71060	841
Finland	2021-03-20	71805	848
Finland	2021-03-21	72209	852
Finland	2021-03-22	72629	852
Finland	2021-03-23	73397	858
Finland	2021-03-24	74100	863
Finland	2021-03-25	74795	867
Finland	2021-03-26	75401	869
Finland	2021-03-27	76089	872
Finland	2021-03-28	76441	876
Finland	2021-03-29	76816	877
Finland	2021-03-30	77471	880
Finland	2021-03-31	78043	882
Finland	2021-04-01	78593	883
Finland	2021-04-02	79079	885
Finland	2021-04-03	79440	887
Finland	2021-04-04	79764	890
Finland	2021-04-05	80086	891
Finland	2021-04-06	80446	891
Finland	2021-04-07	80990	892
Finland	2021-04-08	81416	896
Finland	2021-04-09	81823	897
Finland	2021-04-10	82175	899
Finland	2021-04-11	82402	901
Finland	2021-04-12	82642	901
Finland	2021-04-13	83041	902
Finland	2021-04-14	83364	906
Finland	2021-04-15	83708	907
Finland	2021-04-16	83982	909
Finland	2021-04-17	84247	914
Finland	2021-04-18	84419	916
Finland	2021-04-19	84575	916
Finland	2021-04-20	84861	919
Finland	2021-04-21	85147	920
Finland	2021-04-22	85380	922
Finland	2021-04-23	85636	922
Finland	2021-04-24	85891	923
Finland	2021-04-25	86045	924
Finland	2021-04-26	86185	924
Finland	2021-04-27	86427	927
Finland	2021-04-28	86656	929
Finland	2021-04-29	86930	931
Finland	2021-04-30	87131	932
Finland	2021-05-01	87328	934
Finland	2021-05-02	87437	934
Finland	2021-05-03	87572	936
Finland	2021-05-04	87888	936
Finland	2021-05-05	88094	936
Finland	2021-05-06	88359	937
Finland	2021-05-07	88598	939
Finland	2021-05-08	88812	940
Finland	2021-05-09	88946	940
Finland	2021-05-10	89076	940
Finland	2021-05-11	89333	941
Finland	2021-05-12	89548	942
Finland	2021-05-13	89804	944
Finland	2021-05-14	89961	946
Finland	2021-05-15	90210	951
Finland	2021-05-16	90374	957
Finland	2021-05-17	90508	959
Finland	2021-05-18	90792	959
Finland	2021-05-19	91009	962
Finland	2021-05-20	91240	968
Finland	2021-05-21	91457	968
Finland	2021-05-22	91625	968
Finland	2021-05-23	91733	970
Finland	2021-05-24	91826	972
Finland	2021-05-25	92014	972
Finland	2021-05-26	92167	972
Finland	2021-05-27	92310	973
Finland	2021-05-28	92437	973
Finland	2021-05-29	92572	973
Finland	2021-05-30	92636	973
Finland	2021-05-31	92715	975
Finland	2021-06-01	92866	975
Finland	2021-06-02	92987	976
Finland	2021-06-03	93106	976
Finland	2021-06-04	93217	976
Finland	2021-06-05	93319	977
Finland	2021-06-06	93383	977
Finland	2021-06-07	93443	977
Finland	2021-06-08	93582	978
Finland	2021-06-09	93683	979
Finland	2021-06-10	93764	979
Finland	2021-06-11	93837	980
Finland	2021-06-12	93907	980
Finland	2021-06-13	93953	980
Finland	2021-06-14	94001	980
Finland	2021-06-15	94094	980
Finland	2021-06-16	94172	982
Finland	2021-06-17	94236	982
Finland	2021-06-18	94327	982
Finland	2021-06-19	94408	982
Finland	2021-06-20	94465	982
Finland	2021-06-21	94545	982
Finland	2021-06-22	94657	983
Finland	2021-06-23	94767	983
Finland	2021-06-24	94911	984
Finland	2021-06-25	95073	984
Finland	2021-06-26	95268	984
Finland	2021-06-27	95399	984
Finland	2021-06-28	95518	984
Finland	2021-06-29	95748	984
Finland	2021-06-30	96009	984
Finland	2021-07-01	96205	984
Finland	2021-07-02	96407	984
Finland	2021-07-03	96574	984
Finland	2021-07-04	96706	984
Finland	2021-07-05	96814	984
Finland	2021-07-06	97057	985
Finland	2021-07-07	97317	986
Finland	2021-07-08	97609	986
Finland	2021-07-09	97893	986
Finland	2021-07-10	98201	986
Finland	2021-07-11	98350	986
Finland	2021-07-12	98510	988
Finland	2021-07-13	98840	990
Finland	2021-07-14	99182	991
Finland	2021-07-15	99564	991
Finland	2021-07-16	99946	991
Finland	2021-07-17	100301	991
Finland	2021-07-18	100507	991
Finland	2021-07-19	100756	991
Finland	2021-07-20	101176	991
Finland	2021-07-21	101600	991
Finland	2021-07-22	102068	993
Finland	2021-07-23	102555	993
Finland	2021-07-24	103033	995
Finland	2021-07-25	103334	996
Finland	2021-07-26	103685	997
Finland	2021-07-27	104455	999
Finland	2021-07-28	105180	1000
Finland	2021-07-29	105990	1001
Finland	2021-07-30	106762	1005
Finland	2021-07-31	107458	1005
Finland	2021-08-01	107866	1006
Finland	2021-08-02	108343	1006
Finland	2021-08-03	109236	1009
Finland	2021-08-04	110076	1012
Finland	2021-08-05	110860	1016
Finland	2021-08-06	111736	1017
Finland	2021-08-07	112421	1019
Finland	2021-08-08	112906	1023
Finland	2021-08-09	113443	1023
Finland	2021-08-10	114479	1024
Finland	2021-08-11	115305	1025
Finland	2021-08-12	116228	1026
Finland	2021-08-13	117017	1027
Finland	2021-08-14	117757	1029
Finland	2021-08-15	118183	1029
Finland	2021-08-16	118628	1031
Finland	2021-08-17	119396	1031
Finland	2021-08-18	120137	1032
Finland	2021-08-19	120845	1035
Finland	2021-08-20	121515	1037
Finland	2021-08-21	122170	1038
Finland	2021-08-22	122568	1038
Finland	2021-08-23	123024	1040
Finland	2021-08-24	123706	1041
Finland	2021-08-25	124315	1044
Finland	2021-08-26	125014	1046
Finland	2021-08-27	125624	1048
Finland	2021-08-28	126328	1050
Finland	2021-08-29	126767	1050
Finland	2021-08-30	127231	1051
Finland	2021-08-31	127975	1057
Finland	2021-09-01	128625	1059
Finland	2021-09-02	129273	1060
Finland	2021-09-03	129923	1062
Finland	2021-09-04	130443	1063
Finland	2021-09-05	130779	1063
Finland	2021-09-06	131125	1063
Finland	2021-09-07	131706	1069
Finland	2021-09-08	132228	1072
Finland	2021-09-09	132710	1073
Finland	2021-09-10	133169	1075
Finland	2021-09-11	133665	1075
Finland	2021-09-12	133994	1076
Finland	2021-09-13	134277	1081
Finland	2021-09-14	134810	1082
Finland	2021-09-15	135290	1084
Finland	2021-09-16	135744	1085
Finland	2021-09-17	136180	1086
Finland	2021-09-18	136569	1087
Finland	2021-09-19	136809	1087
Finland	2021-09-20	137094	1092
Finland	2021-09-21	137583	1093
Finland	2021-09-22	138072	1094
Finland	2021-09-23	138556	1096
Finland	2021-09-24	139036	1100
Finland	2021-09-25	139460	1103
Finland	2021-09-26	139759	1104
Finland	2021-09-27	140114	1107
Finland	2021-09-28	140798	1110
Finland	2021-09-29	141441	1114
Finland	2021-09-30	142110	1118
Finland	2021-10-01	142728	1121
Finland	2021-10-02	143259	1126
Finland	2021-10-03	143614	1129
Finland	2021-10-04	143997	1134
Finland	2021-10-05	144740	1138
Finland	2021-10-06	145469	1145
Finland	2021-10-07	146215	1147
Finland	2021-10-08	146826	1150
Finland	2021-10-09	147422	1158
Finland	2021-10-10	147847	1163
Finland	2021-10-11	148246	1166
Finland	2021-10-12	148937	1171
Finland	2021-10-13	149547	1174
Finland	2021-10-14	150185	1177
Finland	2021-10-15	150743	1181
Finland	2021-10-16	151305	1183
Finland	2021-10-17	151649	1184
Finland	2021-10-18	151968	1188
Finland	2021-10-19	152629	1194
Finland	2021-10-20	153179	1195
Finland	2021-10-21	153695	1197
Finland	2021-10-22	154318	1199
Finland	2021-10-23	154898	1207
Finland	2021-10-24	155272	1211
Finland	2021-10-25	155661	1213
Finland	2021-10-26	156454	1226
Finland	2021-10-27	157134	1230
Finland	2021-10-28	157774	1235
Finland	2021-10-29	158364	1240
Finland	2021-10-30	159019	1242
Finland	2021-10-31	159424	1245
Finland	2021-11-01	159863	1250
Finland	2021-11-02	160836	1262
Finland	2021-11-03	161591	1265
Finland	2021-11-04	162362	1272
Finland	2021-11-05	163164	1281
Finland	2021-11-06	164006	1292
Finland	2021-11-07	164520	1301
Finland	2021-11-08	165028	1305
Finland	2021-11-09	166150	1317
Finland	2021-11-10	166983	1326
Finland	2021-11-11	167951	1330
Finland	2021-11-12	168885	1336
Finland	2021-11-13	169831	1341
Finland	2021-11-14	170449	1344
Finland	2021-11-15	171020	1350
Finland	2021-11-16	172272	1367
Finland	2021-11-17	173471	1376
Finland	2021-11-18	174641	1381
Finland	2021-11-19	175856	1385
Finland	2021-11-20	177130	1391
Finland	2021-11-21	177838	1399
Finland	2021-11-22	178513	1404
Finland	2021-11-23	179935	1414
Finland	2021-11-24	181273	1424
Finland	2021-11-25	182528	1433
Finland	2021-11-26	183804	1444
Finland	2021-11-27	185104	1452
Finland	2021-11-28	185898	1460
Finland	2021-11-29	186688	1463
Finland	2021-11-30	188390	1478
Finland	2021-12-01	189817	1485
Finland	2021-12-02	191261	1497
Finland	2021-12-03	192729	1502
Finland	2021-12-04	194258	1508
Finland	2021-12-05	195230	1515
Finland	2021-12-06	196233	1520
Finland	2021-12-07	197310	1523
Finland	2021-12-08	199235	1530
Finland	2021-12-09	200968	1539
Finland	2021-12-10	202676	1546
Finland	2021-12-11	204479	1552
Finland	2021-12-12	205603	1559
Finland	2021-12-13	206872	1564
Finland	2021-12-14	209228	1571
Finland	2021-12-15	211061	1577
Finland	2021-12-16	213160	1585
Finland	2021-12-17	215150	1593
Finland	2021-12-18	217322	1601
Finland	2021-12-19	218936	1603
Finland	2021-12-20	220690	1608
Finland	2021-12-21	223730	1616
Finland	2021-12-22	226899	1622
Finland	2021-12-23	230436	1630
Finland	2021-12-24	234340	1637
Finland	2021-12-25	236615	1643
Finland	2021-12-26	239288	1647
Finland	2021-12-27	242588	1656
Finland	2021-12-28	249246	1673
Finland	2021-12-29	256119	1685
Finland	2021-12-30	263504	1698
Finland	2021-12-31	270829	1714
Finland	2022-01-01	277700	1728
Finland	2022-01-02	281702	1739
Finland	2022-01-03	286679	1751
Finland	2022-01-04	296204	1764
Finland	2022-01-05	306188	1777
Finland	2022-01-06	315915	1790
Finland	2022-01-07	323246	1801
Finland	2022-01-08	332270	1812
Finland	2022-01-09	338070	1822
Finland	2022-01-10	344711	1830
Finland	2022-01-11	355258	1839
Finland	2022-01-12	364470	1845
Finland	2022-01-13	373398	1851
Finland	2022-01-14	381673	1858
Finland	2022-01-15	389770	1864
Finland	2022-01-16	395472	1871
Finland	2022-01-17	401722	1875
Finland	2022-01-18	411849	1887
Finland	2022-01-19	421013	1891
Finland	2022-01-20	429525	1891
Finland	2022-01-21	437573	1893
Finland	2022-01-22	444869	1894
Finland	2022-01-23	449237	1894
Finland	2022-01-24	453833	1894
Finland	2022-01-25	461001	1894
Finland	2022-01-26	464394	1894
Finland	2022-01-27	470665	1919
Finland	2022-01-28	475431	1942
Finland	2022-01-29	475431	1942
Finland	2022-01-30	475431	1942
Finland	2022-01-31	489870	1990
Finland	2022-02-01	493114	1990
Finland	2022-02-02	501152	2012
Finland	2022-02-03	507940	2041
Finland	2022-02-04	514892	2058
Finland	2022-02-05	514892	2058
Finland	2022-02-06	514892	2058
Finland	2022-02-07	534790	2095
Finland	2022-02-08	542262	2097
Finland	2022-02-09	546782	2126
Finland	2022-02-10	559587	2141
Finland	2022-02-11	569973	2170
Finland	2022-02-12	569973	2170
Finland	2022-02-13	569973	2170
Finland	2022-02-14	582383	2214
Finland	2022-02-15	586809	2215
Finland	2022-02-16	592765	2242
Finland	2022-02-17	600718	2265
Finland	2022-02-18	605046	2277
Finland	2022-02-19	605046	2277
Finland	2022-02-20	605046	2277
Finland	2022-02-21	622717	2329
Finland	2022-02-22	625463	2329
Finland	2022-02-23	629727	2351
Finland	2022-02-24	637658	2364
Finland	2022-02-25	637729	2364
Finland	2022-02-26	637729	2364
Finland	2022-02-27	637729	2364
Finland	2022-02-28	637757	2366
Finland	2022-03-01	657443	2380
Finland	2022-03-02	658559	2381
Finland	2022-03-03	664588	2384
Finland	2022-03-04	671773	2387
Finland	2022-03-05	671773	2387
Finland	2022-03-06	671773	2387
Finland	2022-03-07	694142	2571
Finland	2022-03-08	694142	2571
Finland	2022-03-09	703052	2573
Finland	2022-03-10	713103	2573
Finland	2022-03-11	734262	2653
Finland	2022-03-12	734262	2653
Finland	2022-03-13	734262	2653
Finland	2022-03-14	761110	2717
Finland	2022-03-15	767220	2719
Finland	2022-03-16	778617	2763
Finland	2022-03-17	782912	2783
Finland	2022-03-18	786312	2783
Finland	2022-03-19	786312	2783
Finland	2022-03-20	786312	2783
Finland	2022-03-21	812017	2881
Finland	2022-03-22	812224	2881
Finland	2022-03-23	821536	2948
Finland	2022-03-24	834038	2951
Finland	2022-03-25	844713	2985
Finland	2022-03-26	844713	2985
Finland	2022-03-27	844713	2985
Finland	2022-03-28	859477	3054
Finland	2022-03-29	864815	3055
Finland	2022-03-30	874135	3105
Finland	2022-03-31	883676	3144
Finland	2022-04-01	889626	3178
Finland	2022-04-02	889626	3178
Finland	2022-04-03	889626	3178
Finland	2022-04-04	901336	3252
Finland	2022-04-05	907786	3254
Finland	2022-04-06	913476	3307
Finland	2022-04-07	920692	3334
Finland	2022-04-08	920692	3334
Finland	2022-04-09	920692	3334
Finland	2022-04-10	920692	3334
Finland	2022-04-11	920692	3334
Finland	2022-04-12	920692	3334
Finland	2022-04-13	920692	3334
Finland	2022-04-14	949583	3517
Finland	2022-04-15	949583	3517
Finland	2022-04-16	949583	3517
Norway	2020-01-22	0	0
Norway	2020-01-23	0	0
Norway	2020-01-24	0	0
Norway	2020-01-25	0	0
Norway	2020-01-26	0	0
Norway	2020-01-27	0	0
Norway	2020-01-28	0	0
Norway	2020-01-29	0	0
Norway	2020-01-30	0	0
Norway	2020-01-31	0	0
Norway	2020-02-01	0	0
Norway	2020-02-02	0	0
Norway	2020-02-03	0	0
Norway	2020-02-04	0	0
Norway	2020-02-05	0	0
Norway	2020-02-06	0	0
Norway	2020-02-07	0	0
Norway	2020-02-08	0	0
Norway	2020-02-09	0	0
Norway	2020-02-10	0	0
Norway	2020-02-11	0	0
Norway	2020-02-12	0	0
Norway	2020-02-13	0	0
Norway	2020-02-14	0	0
Norway	2020-02-15	0	0
Norway	2020-02-16	0	0
Norway	2020-02-17	0	0
Norway	2020-02-18	0	0
Norway	2020-02-19	0	0
Norway	2020-02-20	0	0
Norway	2020-02-21	0	0
Norway	2020-02-22	0	0
Norway	2020-02-23	0	0
Norway	2020-02-24	0	0
Norway	2020-02-25	0	0
Norway	2020-02-26	1	0
Norway	2020-02-27	1	0
Norway	2020-02-28	6	0
Norway	2020-02-29	15	0
Norway	2020-03-01	19	0
Norway	2020-03-02	25	0
Norway	2020-03-03	32	0
Norway	2020-03-04	56	0
Norway	2020-03-05	87	0
Norway	2020-03-06	108	0
Norway	2020-03-07	147	0
Norway	2020-03-08	176	0
Norway	2020-03-09	205	0
Norway	2020-03-10	400	0
Norway	2020-03-11	598	0
Norway	2020-03-12	702	0
Norway	2020-03-13	996	0
Norway	2020-03-14	1090	3
Norway	2020-03-15	1221	3
Norway	2020-03-16	1333	3
Norway	2020-03-17	1463	3
Norway	2020-03-18	1550	6
Norway	2020-03-19	1746	7
Norway	2020-03-20	1914	7
Norway	2020-03-21	2118	7
Norway	2020-03-22	2385	7
Norway	2020-03-23	2621	10
Norway	2020-03-24	2863	12
Norway	2020-03-25	3084	14
Norway	2020-03-26	3369	14
Norway	2020-03-27	3755	19
Norway	2020-03-28	4015	23
Norway	2020-03-29	4284	25
Norway	2020-03-30	4445	32
Norway	2020-03-31	4641	39
Norway	2020-04-01	4863	44
Norway	2020-04-02	5147	50
Norway	2020-04-03	5370	59
Norway	2020-04-04	5550	62
Norway	2020-04-05	5687	71
Norway	2020-04-06	5865	76
Norway	2020-04-07	6086	89
Norway	2020-04-08	6086	101
Norway	2020-04-09	6211	108
Norway	2020-04-10	6314	113
Norway	2020-04-11	6409	119
Norway	2020-04-12	6525	128
Norway	2020-04-13	6603	134
Norway	2020-04-14	6623	139
Norway	2020-04-15	6740	150
Norway	2020-04-16	6896	152
Norway	2020-04-17	6937	161
Norway	2020-04-18	7036	164
Norway	2020-04-19	7078	165
Norway	2020-04-20	7156	181
Norway	2020-04-21	7191	182
Norway	2020-04-22	7338	187
Norway	2020-04-23	7401	194
Norway	2020-04-24	7463	199
Norway	2020-04-25	7499	201
Norway	2020-04-26	7527	201
Norway	2020-04-27	7599	205
Norway	2020-04-28	7660	206
Norway	2020-04-29	7710	207
Norway	2020-04-30	7738	210
Norway	2020-05-01	7783	210
Norway	2020-05-02	7809	211
Norway	2020-05-03	7847	211
Norway	2020-05-04	7904	214
Norway	2020-05-05	7955	215
Norway	2020-05-06	7996	216
Norway	2020-05-07	8034	217
Norway	2020-05-08	8070	218
Norway	2020-05-09	8099	219
Norway	2020-05-10	8105	219
Norway	2020-05-11	8132	224
Norway	2020-05-12	8157	228
Norway	2020-05-13	8175	229
Norway	2020-05-14	8196	232
Norway	2020-05-15	8219	232
Norway	2020-05-16	8237	232
Norway	2020-05-17	8249	232
Norway	2020-05-18	8257	233
Norway	2020-05-19	8267	233
Norway	2020-05-20	8281	234
Norway	2020-05-21	8309	235
Norway	2020-05-22	8332	235
Norway	2020-05-23	8346	235
Norway	2020-05-24	8352	235
Norway	2020-05-25	8364	235
Norway	2020-05-26	8383	235
Norway	2020-05-27	8401	235
Norway	2020-05-28	8411	236
Norway	2020-05-29	8422	236
Norway	2020-05-30	8437	236
Norway	2020-05-31	8440	236
Norway	2020-06-01	8446	236
Norway	2020-06-02	8455	237
Norway	2020-06-03	8477	237
Norway	2020-06-04	8504	238
Norway	2020-06-05	8522	238
Norway	2020-06-06	8531	238
Norway	2020-06-07	8547	238
Norway	2020-06-08	8561	239
Norway	2020-06-09	8576	239
Norway	2020-06-10	8594	239
Norway	2020-06-11	8608	242
Norway	2020-06-12	8620	242
Norway	2020-06-13	8628	242
Norway	2020-06-14	8631	242
Norway	2020-06-15	8647	242
Norway	2020-06-16	8660	242
Norway	2020-06-17	8692	243
Norway	2020-06-18	8708	244
Norway	2020-06-19	8726	244
Norway	2020-06-20	8742	244
Norway	2020-06-21	8745	244
Norway	2020-06-22	8751	248
Norway	2020-06-23	8772	248
Norway	2020-06-24	8788	249
Norway	2020-06-25	8788	249
Norway	2020-06-26	8832	249
Norway	2020-06-27	8846	249
Norway	2020-06-28	8855	249
Norway	2020-06-29	8862	249
Norway	2020-06-30	8879	250
Norway	2020-07-01	8896	251
Norway	2020-07-02	8902	251
Norway	2020-07-03	8921	251
Norway	2020-07-04	8926	251
Norway	2020-07-05	8930	251
Norway	2020-07-06	8936	251
Norway	2020-07-07	8947	251
Norway	2020-07-08	8950	251
Norway	2020-07-09	8965	252
Norway	2020-07-10	8974	252
Norway	2020-07-11	8977	252
Norway	2020-07-12	8981	252
Norway	2020-07-13	8984	253
Norway	2020-07-14	9001	253
Norway	2020-07-15	9011	253
Norway	2020-07-16	9015	254
Norway	2020-07-17	9025	255
Norway	2020-07-18	9028	255
Norway	2020-07-19	9028	255
Norway	2020-07-20	9034	255
Norway	2020-07-21	9053	255
Norway	2020-07-22	9059	255
Norway	2020-07-23	9085	255
Norway	2020-07-24	9092	255
Norway	2020-07-25	9111	255
Norway	2020-07-26	9117	255
Norway	2020-07-27	9132	255
Norway	2020-07-28	9150	255
Norway	2020-07-29	9172	255
Norway	2020-07-30	9208	255
Norway	2020-07-31	9240	255
Norway	2020-08-01	9253	255
Norway	2020-08-02	9268	255
Norway	2020-08-03	9334	256
Norway	2020-08-04	9362	256
Norway	2020-08-05	9409	256
Norway	2020-08-06	9468	256
Norway	2020-08-07	9551	256
Norway	2020-08-08	9599	256
Norway	2020-08-09	9638	256
Norway	2020-08-10	9684	256
Norway	2020-08-11	9751	256
Norway	2020-08-12	9783	256
Norway	2020-08-13	9851	257
Norway	2020-08-14	9908	261
Norway	2020-08-15	9965	261
Norway	2020-08-16	10005	261
Norway	2020-08-17	10060	261
Norway	2020-08-18	10111	262
Norway	2020-08-19	10162	262
Norway	2020-08-20	10197	264
Norway	2020-08-21	10275	264
Norway	2020-08-22	10299	264
Norway	2020-08-23	10323	264
Norway	2020-08-24	10395	264
Norway	2020-08-25	10454	264
Norway	2020-08-26	10504	264
Norway	2020-08-27	10542	264
Norway	2020-08-28	10582	264
Norway	2020-08-29	10611	264
Norway	2020-08-30	10643	264
Norway	2020-08-31	10782	264
Norway	2020-09-01	10871	264
Norway	2020-09-02	11034	264
Norway	2020-09-03	11120	264
Norway	2020-09-04	11231	264
Norway	2020-09-05	11296	264
Norway	2020-09-06	11388	264
Norway	2020-09-07	11521	264
Norway	2020-09-08	11623	264
Norway	2020-09-09	11746	264
Norway	2020-09-10	11867	265
Norway	2020-09-11	12003	265
Norway	2020-09-12	12079	265
Norway	2020-09-13	12154	265
Norway	2020-09-14	12276	265
Norway	2020-09-15	12393	265
Norway	2020-09-16	12498	265
Norway	2020-09-17	12644	266
Norway	2020-09-18	12769	267
Norway	2020-09-19	12858	267
Norway	2020-09-20	12897	267
Norway	2020-09-21	13005	267
Norway	2020-09-22	13153	267
Norway	2020-09-23	13277	267
Norway	2020-09-24	13406	270
Norway	2020-09-25	13545	270
Norway	2020-09-26	13627	270
Norway	2020-09-27	13698	270
Norway	2020-09-28	13788	274
Norway	2020-09-29	13915	274
Norway	2020-09-30	14027	274
Norway	2020-10-01	14149	274
Norway	2020-10-02	14284	275
Norway	2020-10-03	14362	275
Norway	2020-10-04	14457	275
Norway	2020-10-05	14605	275
Norway	2020-10-06	14784	275
Norway	2020-10-07	15013	275
Norway	2020-10-08	15221	275
Norway	2020-10-09	15388	275
Norway	2020-10-10	15466	275
Norway	2020-10-11	15524	275
Norway	2020-10-12	15639	276
Norway	2020-10-13	15793	277
Norway	2020-10-14	15953	277
Norway	2020-10-15	16137	278
Norway	2020-10-16	16272	278
Norway	2020-10-17	16369	278
Norway	2020-10-18	16457	278
Norway	2020-10-19	16603	278
Norway	2020-10-20	16772	278
Norway	2020-10-21	16964	279
Norway	2020-10-22	17234	279
Norway	2020-10-23	17532	279
Norway	2020-10-24	17749	279
Norway	2020-10-25	17909	279
Norway	2020-10-26	18342	279
Norway	2020-10-27	18666	280
Norway	2020-10-28	19069	280
Norway	2020-10-29	19564	281
Norway	2020-10-30	20062	282
Norway	2020-10-31	20331	282
Norway	2020-11-01	20635	282
Norway	2020-11-02	21339	282
Norway	2020-11-03	21956	282
Norway	2020-11-04	22578	282
Norway	2020-11-05	23229	284
Norway	2020-11-06	23835	285
Norway	2020-11-07	24243	285
Norway	2020-11-08	24732	285
Norway	2020-11-09	25325	285
Norway	2020-11-10	25887	285
Norway	2020-11-11	26511	285
Norway	2020-11-12	27228	291
Norway	2020-11-13	27916	294
Norway	2020-11-14	28434	294
Norway	2020-11-15	28434	294
Norway	2020-11-16	28434	294
Norway	2020-11-17	30114	298
Norway	2020-11-18	30770	300
Norway	2020-11-19	31441	305
Norway	2020-11-20	32014	306
Norway	2020-11-21	32352	306
Norway	2020-11-22	32765	306
Norway	2020-11-23	33183	311
Norway	2020-11-24	33717	314
Norway	2020-11-25	34268	316
Norway	2020-11-26	34748	316
Norway	2020-11-27	35193	328
Norway	2020-11-28	35546	328
Norway	2020-11-29	35828	328
Norway	2020-11-30	36150	332
Norway	2020-12-01	36591	334
Norway	2020-12-02	36969	351
Norway	2020-12-03	37371	353
Norway	2020-12-04	37801	354
Norway	2020-12-05	38073	354
Norway	2020-12-06	38323	354
Norway	2020-12-07	38703	359
Norway	2020-12-08	39163	361
Norway	2020-12-09	39525	361
Norway	2020-12-10	40023	382
Norway	2020-12-11	40439	387
Norway	2020-12-12	40803	387
Norway	2020-12-13	41003	387
Norway	2020-12-14	41334	393
Norway	2020-12-15	41852	395
Norway	2020-12-16	42312	402
Norway	2020-12-17	42776	404
Norway	2020-12-18	43207	404
Norway	2020-12-19	43582	404
Norway	2020-12-20	43905	404
Norway	2020-12-21	44336	405
Norway	2020-12-22	44932	405
Norway	2020-12-23	45455	421
Norway	2020-12-24	45931	421
Norway	2020-12-25	46248	421
Norway	2020-12-26	46678	421
Norway	2020-12-27	47059	421
Norway	2020-12-28	47585	429
Norway	2020-12-29	48278	433
Norway	2020-12-30	49010	436
Norway	2020-12-31	49567	436
Norway	2021-01-01	49803	436
Norway	2021-01-02	50266	436
Norway	2021-01-03	50716	436
Norway	2021-01-04	51245	449
Norway	2021-01-05	52180	452
Norway	2021-01-06	52967	465
Norway	2021-01-07	53792	467
Norway	2021-01-08	54476	472
Norway	2021-01-09	54919	472
Norway	2021-01-10	55474	472
Norway	2021-01-11	55903	478
Norway	2021-01-12	56615	482
Norway	2021-01-13	57282	509
Norway	2021-01-14	57736	511
Norway	2021-01-15	58202	517
Norway	2021-01-16	58445	517
Norway	2021-01-17	58651	517
Norway	2021-01-18	59034	521
Norway	2021-01-19	59456	525
Norway	2021-01-20	59887	543
Norway	2021-01-21	60259	544
Norway	2021-01-22	60565	544
Norway	2021-01-23	60803	544
Norway	2021-01-24	61082	544
Norway	2021-01-25	61315	548
Norway	2021-01-26	61594	550
Norway	2021-01-27	61961	556
Norway	2021-01-28	62276	557
Norway	2021-01-29	62575	564
Norway	2021-01-30	62793	564
Norway	2021-01-31	62966	564
Norway	2021-02-01	63262	567
Norway	2021-02-02	63553	568
Norway	2021-02-03	63839	574
Norway	2021-02-04	64212	582
Norway	2021-02-05	64483	582
Norway	2021-02-06	64653	582
Norway	2021-02-07	64772	582
Norway	2021-02-08	65118	582
Norway	2021-02-09	65338	583
Norway	2021-02-10	65547	592
Norway	2021-02-11	65811	592
Norway	2021-02-12	66236	592
Norway	2021-02-13	66392	592
Norway	2021-02-14	66501	592
Norway	2021-02-15	66854	593
Norway	2021-02-16	67140	593
Norway	2021-02-17	67498	607
Norway	2021-02-18	67824	607
Norway	2021-02-19	68107	607
Norway	2021-02-20	68315	607
Norway	2021-02-21	68532	607
Norway	2021-02-22	68758	608
Norway	2021-02-23	69148	608
Norway	2021-02-24	69489	620
Norway	2021-02-25	70040	620
Norway	2021-02-26	70564	622
Norway	2021-02-27	70826	622
Norway	2021-02-28	71006	622
Norway	2021-03-01	71735	623
Norway	2021-03-02	72234	623
Norway	2021-03-03	72923	632
Norway	2021-03-04	73493	632
Norway	2021-03-05	74183	632
Norway	2021-03-06	74546	632
Norway	2021-03-07	74942	632
Norway	2021-03-08	75770	632
Norway	2021-03-09	76484	632
Norway	2021-03-10	77169	632
Norway	2021-03-11	78041	639
Norway	2021-03-12	78946	639
Norway	2021-03-13	79800	639
Norway	2021-03-14	80440	639
Norway	2021-03-15	81305	640
Norway	2021-03-16	82455	641
Norway	2021-03-17	83519	648
Norway	2021-03-18	84553	648
Norway	2021-03-19	85542	648
Norway	2021-03-20	86362	648
Norway	2021-03-21	86939	648
Norway	2021-03-22	88035	649
Norway	2021-03-23	89120	649
Norway	2021-03-24	90104	656
Norway	2021-03-25	90935	656
Norway	2021-03-26	92007	656
Norway	2021-03-27	92469	656
Norway	2021-03-28	93150	656
Norway	2021-03-29	94139	660
Norway	2021-03-30	95208	661
Norway	2021-03-31	96079	673
Norway	2021-04-01	96770	673
Norway	2021-04-02	97410	673
Norway	2021-04-03	98102	673
Norway	2021-04-04	98676	673
Norway	2021-04-05	99249	676
Norway	2021-04-06	100149	677
Norway	2021-04-07	101082	683
Norway	2021-04-08	101960	684
Norway	2021-04-09	102719	684
Norway	2021-04-10	102974	684
Norway	2021-04-11	103621	684
Norway	2021-04-12	104269	687
Norway	2021-04-13	105008	688
Norway	2021-04-14	105607	706
Norway	2021-04-15	106224	707
Norway	2021-04-16	106727	708
Norway	2021-04-17	107144	708
Norway	2021-04-18	107510	708
Norway	2021-04-19	108028	709
Norway	2021-04-20	108342	709
Norway	2021-04-21	109137	734
Norway	2021-04-22	109581	735
Norway	2021-04-23	110061	736
Norway	2021-04-24	110390	736
Norway	2021-04-25	110612	736
Norway	2021-04-26	111162	736
Norway	2021-04-27	111686	736
Norway	2021-04-28	112156	753
Norway	2021-04-29	112541	754
Norway	2021-04-30	112970	756
Norway	2021-05-01	113259	756
Norway	2021-05-02	113469	756
Norway	2021-05-03	113952	757
Norway	2021-05-04	114436	757
Norway	2021-05-05	114905	767
Norway	2021-05-06	115411	767
Norway	2021-05-07	115818	767
Norway	2021-05-08	116134	767
Norway	2021-05-09	116365	767
Norway	2021-05-10	117022	767
Norway	2021-05-11	117495	767
Norway	2021-05-12	117995	774
Norway	2021-05-13	118315	774
Norway	2021-05-14	118740	774
Norway	2021-05-15	119052	774
Norway	2021-05-16	119299	774
Norway	2021-05-17	119500	774
Norway	2021-05-18	119814	774
Norway	2021-05-19	120292	781
Norway	2021-05-20	120797	781
Norway	2021-05-21	121511	781
Norway	2021-05-22	121963	781
Norway	2021-05-23	122414	781
Norway	2021-05-24	122652	782
Norway	2021-05-25	123163	782
Norway	2021-05-26	123662	783
Norway	2021-05-27	124071	783
Norway	2021-05-28	124410	783
Norway	2021-05-29	124655	783
Norway	2021-05-30	124824	783
Norway	2021-05-31	125116	783
Norway	2021-06-01	125576	783
Norway	2021-06-02	125929	785
Norway	2021-06-03	126218	785
Norway	2021-06-04	126521	785
Norway	2021-06-05	126689	785
Norway	2021-06-06	126817	785
Norway	2021-06-07	127066	784
Norway	2021-06-08	127254	784
Norway	2021-06-09	127466	789
Norway	2021-06-10	127676	789
Norway	2021-06-11	127874	789
Norway	2021-06-12	127986	789
Norway	2021-06-13	128046	789
Norway	2021-06-14	128277	789
Norway	2021-06-15	128499	789
Norway	2021-06-16	128679	790
Norway	2021-06-17	128898	790
Norway	2021-06-18	129095	790
Norway	2021-06-19	129225	790
Norway	2021-06-20	129333	790
Norway	2021-06-21	129545	790
Norway	2021-06-22	129766	790
Norway	2021-06-23	129944	792
Norway	2021-06-24	130270	792
Norway	2021-06-25	130342	792
Norway	2021-06-26	130491	792
Norway	2021-06-27	130588	792
Norway	2021-06-28	130744	792
Norway	2021-06-29	131037	792
Norway	2021-06-30	131316	794
Norway	2021-07-01	131509	794
Norway	2021-07-02	131749	794
Norway	2021-07-03	131861	794
Norway	2021-07-04	131949	794
Norway	2021-07-05	132136	794
Norway	2021-07-06	132363	794
Norway	2021-07-07	132574	796
Norway	2021-07-08	132673	796
Norway	2021-07-09	132966	796
Norway	2021-07-10	133100	796
Norway	2021-07-11	133197	796
Norway	2021-07-12	133367	796
Norway	2021-07-13	133549	796
Norway	2021-07-14	133720	796
Norway	2021-07-15	133876	796
Norway	2021-07-16	134092	796
Norway	2021-07-17	134230	796
Norway	2021-07-18	134339	796
Norway	2021-07-19	134534	796
Norway	2021-07-20	134780	796
Norway	2021-07-21	134969	799
Norway	2021-07-22	135235	799
Norway	2021-07-23	135463	799
Norway	2021-07-24	135631	799
Norway	2021-07-25	135767	799
Norway	2021-07-26	136097	799
Norway	2021-07-27	136370	799
Norway	2021-07-28	136541	799
Norway	2021-07-29	137127	799
Norway	2021-07-30	137471	799
Norway	2021-07-31	137627	799
Norway	2021-08-01	137853	799
Norway	2021-08-02	138265	799
Norway	2021-08-03	138740	799
Norway	2021-08-04	139218	804
Norway	2021-08-05	139778	804
Norway	2021-08-06	140204	804
Norway	2021-08-07	140466	804
Norway	2021-08-08	140836	804
Norway	2021-08-09	141333	804
Norway	2021-08-10	141999	805
Norway	2021-08-11	142321	807
Norway	2021-08-12	142895	807
Norway	2021-08-13	143767	808
Norway	2021-08-14	144035	808
Norway	2021-08-15	144484	808
Norway	2021-08-16	145014	809
Norway	2021-08-17	145761	810
Norway	2021-08-18	146373	811
Norway	2021-08-19	147058	811
Norway	2021-08-20	147778	811
Norway	2021-08-21	148055	811
Norway	2021-08-22	148608	811
Norway	2021-08-23	149732	811
Norway	2021-08-24	150825	811
Norway	2021-08-25	152119	814
Norway	2021-08-26	153534	814
Norway	2021-08-27	155086	814
Norway	2021-08-28	156133	814
Norway	2021-08-29	157040	814
Norway	2021-08-30	158389	814
Norway	2021-08-31	160174	814
Norway	2021-09-01	161814	822
Norway	2021-09-02	163364	822
Norway	2021-09-03	165051	822
Norway	2021-09-04	166200	822
Norway	2021-09-05	167265	822
Norway	2021-09-06	168469	822
Norway	2021-09-07	170173	823
Norway	2021-09-08	171719	826
Norway	2021-09-09	173348	827
Norway	2021-09-10	174649	827
Norway	2021-09-11	175489	827
Norway	2021-09-12	176142	827
Norway	2021-09-13	177262	827
Norway	2021-09-14	178481	829
Norway	2021-09-15	179450	841
Norway	2021-09-16	180432	841
Norway	2021-09-17	181195	841
Norway	2021-09-18	181765	841
Norway	2021-09-19	182239	841
Norway	2021-09-20	182918	841
Norway	2021-09-21	183402	841
Norway	2021-09-22	184609	850
Norway	2021-09-23	185330	850
Norway	2021-09-24	186035	850
Norway	2021-09-25	186554	850
Norway	2021-09-26	186935	850
Norway	2021-09-27	187593	850
Norway	2021-09-28	188295	851
Norway	2021-09-29	188850	861
Norway	2021-09-30	189431	861
Norway	2021-10-01	189915	861
Norway	2021-10-02	190224	861
Norway	2021-10-03	190533	861
Norway	2021-10-04	191017	861
Norway	2021-10-05	191599	861
Norway	2021-10-06	192079	871
Norway	2021-10-07	192587	871
Norway	2021-10-08	193054	871
Norway	2021-10-09	193275	871
Norway	2021-10-10	193562	871
Norway	2021-10-11	193734	871
Norway	2021-10-12	194630	871
Norway	2021-10-13	195029	884
Norway	2021-10-14	195385	884
Norway	2021-10-15	195808	884
Norway	2021-10-16	196142	884
Norway	2021-10-17	196351	884
Norway	2021-10-18	196896	884
Norway	2021-10-19	197504	884
Norway	2021-10-20	198161	893
Norway	2021-10-21	198909	893
Norway	2021-10-22	199550	894
Norway	2021-10-23	200093	894
Norway	2021-10-24	200517	894
Norway	2021-10-25	201410	894
Norway	2021-10-26	202554	895
Norway	2021-10-27	203734	900
Norway	2021-10-28	204730	900
Norway	2021-10-29	205855	900
Norway	2021-10-30	206653	900
Norway	2021-10-31	207280	900
Norway	2021-11-01	208615	902
Norway	2021-11-02	210241	902
Norway	2021-11-03	211755	919
Norway	2021-11-04	213289	920
Norway	2021-11-05	214795	922
Norway	2021-11-06	215857	922
Norway	2021-11-07	216855	922
Norway	2021-11-08	218387	921
Norway	2021-11-09	220513	924
Norway	2021-11-10	222296	947
Norway	2021-11-11	224302	948
Norway	2021-11-12	226064	950
Norway	2021-11-13	227370	950
Norway	2021-11-14	228526	950
Norway	2021-11-15	229309	951
Norway	2021-11-16	232839	952
Norway	2021-11-17	235314	995
Norway	2021-11-18	237739	996
Norway	2021-11-19	240103	999
Norway	2021-11-20	241441	999
Norway	2021-11-21	242911	999
Norway	2021-11-22	245302	1002
Norway	2021-11-23	246822	1003
Norway	2021-11-24	251397	1049
Norway	2021-11-25	254367	1050
Norway	2021-11-26	257309	1050
Norway	2021-11-27	259200	1050
Norway	2021-11-28	260921	1050
Norway	2021-11-29	263798	1050
Norway	2021-11-30	267843	1054
Norway	2021-12-01	271623	1092
Norway	2021-12-02	275763	1093
Norway	2021-12-03	279954	1093
Norway	2021-12-04	282918	1093
Norway	2021-12-05	284448	1093
Norway	2021-12-06	287123	1096
Norway	2021-12-07	294754	1096
Norway	2021-12-08	300013	1134
Norway	2021-12-09	305368	1135
Norway	2021-12-10	310781	1136
Norway	2021-12-11	314258	1136
Norway	2021-12-12	317880	1136
Norway	2021-12-13	317880	1136
Norway	2021-12-14	328747	1141
Norway	2021-12-15	334488	1202
Norway	2021-12-16	339008	1202
Norway	2021-12-17	343697	1204
Norway	2021-12-18	347402	1204
Norway	2021-12-19	350424	1204
Norway	2021-12-20	354465	1207
Norway	2021-12-21	359264	1209
Norway	2021-12-22	363554	1257
Norway	2021-12-23	367866	1257
Norway	2021-12-24	370134	1257
Norway	2021-12-25	372123	1257
Norway	2021-12-26	374337	1257
Norway	2021-12-27	378087	1258
Norway	2021-12-28	382789	1258
Norway	2021-12-29	387196	1305
Norway	2021-12-30	391214	1305
Norway	2021-12-31	394259	1305
Norway	2022-01-01	396415	1305
Norway	2022-01-02	399318	1305
Norway	2022-01-03	404551	1305
Norway	2022-01-04	412472	1307
Norway	2022-01-05	420857	1349
Norway	2022-01-06	428736	1349
Norway	2022-01-07	434896	1350
Norway	2022-01-08	440184	1350
Norway	2022-01-09	444368	1350
Norway	2022-01-10	450908	1350
Norway	2022-01-11	460530	1350
Norway	2022-01-12	472355	1372
Norway	2022-01-13	483952	1381
Norway	2022-01-14	496312	1381
Norway	2022-01-15	504789	1381
Norway	2022-01-16	512393	1381
Norway	2022-01-17	523424	1382
Norway	2022-01-18	538791	1383
Norway	2022-01-19	554778	1412
Norway	2022-01-20	571655	1413
Norway	2022-01-21	596613	1414
Norway	2022-01-22	609950	1414
Norway	2022-01-23	622596	1414
Norway	2022-01-24	641138	1414
Norway	2022-01-25	665567	1416
Norway	2022-01-26	690244	1439
Norway	2022-01-27	714532	1439
Norway	2022-01-28	736051	1439
Norway	2022-01-29	751021	1439
Norway	2022-01-30	765061	1439
Norway	2022-01-31	781049	1440
Norway	2022-02-01	804286	1440
Norway	2022-02-02	827585	1467
Norway	2022-02-03	849389	1467
Norway	2022-02-04	870245	1467
Norway	2022-02-05	883388	1467
Norway	2022-02-06	893560	1467
Norway	2022-02-07	911212	1467
Norway	2022-02-08	937321	1467
Norway	2022-02-09	962407	1512
Norway	2022-02-10	986855	1513
Norway	2022-02-11	1009926	1513
Norway	2022-02-12	1024379	1513
Norway	2022-02-13	1035753	1513
Norway	2022-02-14	1049811	1513
Norway	2022-02-15	1068686	1513
Norway	2022-02-16	1086614	1548
Norway	2022-02-17	1103956	1548
Norway	2022-02-18	1119204	1548
Norway	2022-02-19	1128763	1548
Norway	2022-02-20	1136409	1548
Norway	2022-02-21	1151288	1549
Norway	2022-02-22	1169037	1549
Norway	2022-02-23	1186422	1598
Norway	2022-02-24	1202017	1598
Norway	2022-02-25	1217306	1598
Norway	2022-02-26	1225866	1598
Norway	2022-02-27	1231766	1598
Norway	2022-02-28	1242160	1598
Norway	2022-03-01	1257079	1599
Norway	2022-03-02	1279169	1664
Norway	2022-03-03	1289884	1664
Norway	2022-03-04	1299549	1664
Norway	2022-03-05	1305006	1664
Norway	2022-03-06	1308342	1664
Norway	2022-03-07	1315692	1664
Norway	2022-03-08	1325909	1664
Norway	2022-03-09	1333793	1753
Norway	2022-03-10	1341163	1753
Norway	2022-03-11	1346777	1753
Norway	2022-03-12	1349971	1753
Norway	2022-03-13	1351883	1753
Norway	2022-03-14	1357280	1753
Norway	2022-03-15	1363406	1753
Norway	2022-03-16	1368165	1826
Norway	2022-03-17	1372340	2169
Norway	2022-03-18	1376239	2169
Norway	2022-03-19	1378238	2169
Norway	2022-03-20	1379467	2169
Norway	2022-03-21	1383227	2169
Norway	2022-03-22	1387034	2169
Norway	2022-03-23	1390035	2339
Norway	2022-03-24	1393061	2339
Norway	2022-03-25	1395556	2339
Norway	2022-03-26	1396911	2339
Norway	2022-03-27	1397638	2339
Norway	2022-03-28	1399714	2339
Norway	2022-03-29	1402219	2339
Norway	2022-03-30	1404207	2518
Norway	2022-03-31	1405960	2518
Norway	2022-04-01	1407422	2518
Norway	2022-04-02	1408257	2518
Norway	2022-04-03	1408708	2518
Norway	2022-04-04	1410051	2518
Norway	2022-04-05	1411550	2518
Norway	2022-04-06	1412969	2667
Norway	2022-04-07	1413957	2667
Norway	2022-04-08	1414993	2667
Norway	2022-04-09	1415609	2667
Norway	2022-04-10	1415928	2667
Norway	2022-04-11	1416712	2667
Norway	2022-04-12	1417631	2667
Norway	2022-04-13	1418431	2783
Norway	2022-04-14	1418814	2783
Norway	2022-04-15	1419096	2783
Norway	2022-04-16	1419507	2783
Sweden	2020-01-22	0	0
Sweden	2020-01-23	0	0
Sweden	2020-01-24	0	0
Sweden	2020-01-25	0	0
Sweden	2020-01-26	0	0
Sweden	2020-01-27	0	0
Sweden	2020-01-28	0	0
Sweden	2020-01-29	0	0
Sweden	2020-01-30	0	0
Sweden	2020-01-31	0	0
Sweden	2020-02-01	1	0
Sweden	2020-02-02	1	0
Sweden	2020-02-03	1	0
Sweden	2020-02-04	1	0
Sweden	2020-02-05	1	0
Sweden	2020-02-06	1	0
Sweden	2020-02-07	1	0
Sweden	2020-02-08	1	0
Sweden	2020-02-09	1	0
Sweden	2020-02-10	1	0
Sweden	2020-02-11	1	0
Sweden	2020-02-12	1	0
Sweden	2020-02-13	1	0
Sweden	2020-02-14	1	0
Sweden	2020-02-15	1	0
Sweden	2020-02-16	1	0
Sweden	2020-02-17	1	0
Sweden	2020-02-18	1	0
Sweden	2020-02-19	1	0
Sweden	2020-02-20	1	0
Sweden	2020-02-21	1	0
Sweden	2020-02-22	1	0
Sweden	2020-02-23	1	0
Sweden	2020-02-24	1	0
Sweden	2020-02-25	1	0
Sweden	2020-02-26	2	0
Sweden	2020-02-27	3	0
Sweden	2020-02-28	11	0
Sweden	2020-02-29	14	0
Sweden	2020-03-01	14	0
Sweden	2020-03-02	19	0
Sweden	2020-03-03	32	0
Sweden	2020-03-04	62	0
Sweden	2020-03-05	87	0
Sweden	2020-03-06	146	0
Sweden	2020-03-07	179	0
Sweden	2020-03-08	225	0
Sweden	2020-03-09	326	0
Sweden	2020-03-10	424	1
Sweden	2020-03-11	620	1
Sweden	2020-03-12	771	2
Sweden	2020-03-13	923	3
Sweden	2020-03-14	994	5
Sweden	2020-03-15	1063	7
Sweden	2020-03-16	1146	8
Sweden	2020-03-17	1265	14
Sweden	2020-03-18	1410	21
Sweden	2020-03-19	1553	30
Sweden	2020-03-20	1733	38
Sweden	2020-03-21	1868	49
Sweden	2020-03-22	1986	60
Sweden	2020-03-23	2168	81
Sweden	2020-03-24	2398	103
Sweden	2020-03-25	2712	134
Sweden	2020-03-26	2998	166
Sweden	2020-03-27	3363	201
Sweden	2020-03-28	3663	239
Sweden	2020-03-29	3943	284
Sweden	2020-03-30	4359	332
Sweden	2020-03-31	4834	385
Sweden	2020-04-01	5320	455
Sweden	2020-04-02	5874	535
Sweden	2020-04-03	6475	605
Sweden	2020-04-04	6832	373
Sweden	2020-04-05	7172	401
Sweden	2020-04-06	7561	477
Sweden	2020-04-07	8299	591
Sweden	2020-04-08	8954	687
Sweden	2020-04-09	9599	793
Sweden	2020-04-10	10053	870
Sweden	2020-04-11	10448	887
Sweden	2020-04-12	10912	899
Sweden	2020-04-13	11349	919
Sweden	2020-04-14	11828	1033
Sweden	2020-04-15	12432	1203
Sweden	2020-04-16	13055	1333
Sweden	2020-04-17	13743	1400
Sweden	2020-04-18	14275	1511
Sweden	2020-04-19	14663	1540
Sweden	2020-04-20	15124	1580
Sweden	2020-04-21	15831	1765
Sweden	2020-04-22	16553	1937
Sweden	2020-04-23	17311	2021
Sweden	2020-04-24	18090	2152
Sweden	2020-04-25	18563	2192
Sweden	2020-04-26	18863	2194
Sweden	2020-04-27	19426	2274
Sweden	2020-04-28	20168	2355
Sweden	2020-04-29	20966	2462
Sweden	2020-04-30	21601	2586
Sweden	2020-05-01	22133	2653
Sweden	2020-05-02	22432	2669
Sweden	2020-05-03	22693	2679
Sweden	2020-05-04	23169	2769
Sweden	2020-05-05	23826	2854
Sweden	2020-05-06	24572	2941
Sweden	2020-05-07	25359	3040
Sweden	2020-05-08	26059	3175
Sweden	2020-05-09	26568	3220
Sweden	2020-05-10	26846	3225
Sweden	2020-05-11	27301	3256
Sweden	2020-05-12	28055	3313
Sweden	2020-05-13	28755	3460
Sweden	2020-05-14	29415	3529
Sweden	2020-05-15	30103	3646
Sweden	2020-05-16	30461	3674
Sweden	2020-05-17	30720	3679
Sweden	2020-05-18	31151	3698
Sweden	2020-05-19	31818	3743
Sweden	2020-05-20	32626	3831
Sweden	2020-05-21	33236	3871
Sweden	2020-05-22	33768	3925
Sweden	2020-05-23	34171	3992
Sweden	2020-05-24	34381	3998
Sweden	2020-05-25	34871	4029
Sweden	2020-05-26	35617	4125
Sweden	2020-05-27	36417	4220
Sweden	2020-05-28	37191	4266
Sweden	2020-05-29	37964	4350
Sweden	2020-05-30	38396	4395
Sweden	2020-05-31	38661	4395
Sweden	2020-06-01	39309	4403
Sweden	2020-06-02	40210	4468
Sweden	2020-06-03	41256	4542
Sweden	2020-06-04	42295	4562
Sweden	2020-06-05	43441	4639
Sweden	2020-06-06	44224	4656
Sweden	2020-06-07	44686	4659
Sweden	2020-06-08	45363	4694
Sweden	2020-06-09	46299	4717
Sweden	2020-06-10	47736	4795
Sweden	2020-06-11	49030	4814
Sweden	2020-06-12	50367	4854
Sweden	2020-06-13	51409	4874
Sweden	2020-06-14	51827	4874
Sweden	2020-06-15	52511	4891
Sweden	2020-06-16	53729	4939
Sweden	2020-06-17	55186	5041
Sweden	2020-06-18	56682	5053
Sweden	2020-06-19	57895	5053
Sweden	2020-06-20	58597	5053
Sweden	2020-06-21	58918	5053
Sweden	2020-06-22	59718	5053
Sweden	2020-06-23	61030	5161
Sweden	2020-06-24	62728	5209
Sweden	2020-06-25	64009	5230
Sweden	2020-06-26	65212	5280
Sweden	2020-06-27	65972	5280
Sweden	2020-06-28	66392	5280
Sweden	2020-06-29	67119	5280
Sweden	2020-06-30	67924	5333
Sweden	2020-07-01	68608	5370
Sweden	2020-07-02	69297	5411
Sweden	2020-07-03	69996	5420
Sweden	2020-07-04	70366	5420
Sweden	2020-07-05	70681	5420
Sweden	2020-07-06	70932	5420
Sweden	2020-07-07	71210	5447
Sweden	2020-07-08	71747	5482
Sweden	2020-07-09	72082	5500
Sweden	2020-07-10	72459	5526
Sweden	2020-07-11	72773	5526
Sweden	2020-07-12	72879	5526
Sweden	2020-07-13	73049	5526
Sweden	2020-07-14	73364	5545
Sweden	2020-07-15	73663	5572
Sweden	2020-07-16	73936	5593
Sweden	2020-07-17	74235	5619
Sweden	2020-07-18	74435	5619
Sweden	2020-07-19	74545	5619
Sweden	2020-07-20	74676	5619
Sweden	2020-07-21	74902	5646
Sweden	2020-07-22	75199	5667
Sweden	2020-07-23	75419	5676
Sweden	2020-07-24	75681	5697
Sweden	2020-07-25	75819	5697
Sweden	2020-07-26	75861	5697
Sweden	2020-07-27	75932	5697
Sweden	2020-07-28	76215	5702
Sweden	2020-07-29	76516	5730
Sweden	2020-07-30	76818	5739
Sweden	2020-07-31	77076	5743
Sweden	2020-08-01	77379	5743
Sweden	2020-08-02	77417	5743
Sweden	2020-08-03	77582	5743
Sweden	2020-08-04	77916	5747
Sweden	2020-08-05	78341	5760
Sweden	2020-08-06	78719	5766
Sweden	2020-08-07	79099	5763
Sweden	2020-08-08	79359	5763
Sweden	2020-08-09	79432	5763
Sweden	2020-08-10	79628	5763
Sweden	2020-08-11	80045	5770
Sweden	2020-08-12	80489	5774
Sweden	2020-08-13	80851	5776
Sweden	2020-08-14	81195	5783
Sweden	2020-08-15	81421	5783
Sweden	2020-08-16	81484	5783
Sweden	2020-08-17	81658	5783
Sweden	2020-08-18	81972	5790
Sweden	2020-08-19	82323	5802
Sweden	2020-08-20	82656	5805
Sweden	2020-08-21	82954	5810
Sweden	2020-08-22	83114	5810
Sweden	2020-08-23	83171	5810
Sweden	2020-08-24	83353	5810
Sweden	2020-08-25	83578	5814
Sweden	2020-08-26	83824	5817
Sweden	2020-08-27	83958	5820
Sweden	2020-08-28	83958	5821
Sweden	2020-08-29	83958	5821
Sweden	2020-08-30	83958	5821
Sweden	2020-08-31	84379	5821
Sweden	2020-09-01	84521	5813
Sweden	2020-09-02	84532	5820
Sweden	2020-09-03	84729	5832
Sweden	2020-09-04	84985	5835
Sweden	2020-09-05	84985	5835
Sweden	2020-09-06	84985	5835
Sweden	2020-09-07	85558	5835
Sweden	2020-09-08	85707	5838
Sweden	2020-09-09	85880	5842
Sweden	2020-09-10	86194	5843
Sweden	2020-09-11	86505	5846
Sweden	2020-09-12	86505	5846
Sweden	2020-09-13	86505	5846
Sweden	2020-09-14	86505	5846
Sweden	2020-09-15	87345	5846
Sweden	2020-09-16	87575	5860
Sweden	2020-09-17	87885	5864
Sweden	2020-09-18	88237	5865
Sweden	2020-09-19	88237	5865
Sweden	2020-09-20	88237	5865
Sweden	2020-09-21	88237	5865
Sweden	2020-09-22	89436	5865
Sweden	2020-09-23	89756	5876
Sweden	2020-09-24	90289	5878
Sweden	2020-09-25	90923	5880
Sweden	2020-09-26	90923	5880
Sweden	2020-09-27	90923	5880
Sweden	2020-09-28	90923	5880
Sweden	2020-09-29	92466	5880
Sweden	2020-09-30	92863	5893
Sweden	2020-10-01	93615	5893
Sweden	2020-10-02	94283	5895
Sweden	2020-10-03	94283	5895
Sweden	2020-10-04	94283	5895
Sweden	2020-10-05	94283	5895
Sweden	2020-10-06	96145	5895
Sweden	2020-10-07	96677	5892
Sweden	2020-10-08	97532	5892
Sweden	2020-10-09	98451	5894
Sweden	2020-10-10	98451	5894
Sweden	2020-10-11	98451	5894
Sweden	2020-10-12	98451	5894
Sweden	2020-10-13	100654	5894
Sweden	2020-10-14	101332	5907
Sweden	2020-10-15	102407	5910
Sweden	2020-10-16	103200	5918
Sweden	2020-10-17	103200	5918
Sweden	2020-10-18	103200	5918
Sweden	2020-10-19	103200	5918
Sweden	2020-10-20	106380	5918
Sweden	2020-10-21	107355	5929
Sweden	2020-10-22	108969	5930
Sweden	2020-10-23	110594	5933
Sweden	2020-10-24	110594	5933
Sweden	2020-10-25	110594	5933
Sweden	2020-10-26	110594	5933
Sweden	2020-10-27	115785	5933
Sweden	2020-10-28	117913	5927
Sweden	2020-10-29	121167	5934
Sweden	2020-10-30	124355	5938
Sweden	2020-10-31	124355	5938
Sweden	2020-11-01	124355	5938
Sweden	2020-11-02	124355	5938
Sweden	2020-11-03	134532	5938
Sweden	2020-11-04	137730	5997
Sweden	2020-11-05	141764	6002
Sweden	2020-11-06	146461	6022
Sweden	2020-11-07	146461	6022
Sweden	2020-11-08	146461	6022
Sweden	2020-11-09	146461	6022
Sweden	2020-11-10	162240	6022
Sweden	2020-11-11	166707	6082
Sweden	2020-11-12	171365	6122
Sweden	2020-11-13	177355	6164
Sweden	2020-11-14	177355	6164
Sweden	2020-11-15	177355	6164
Sweden	2020-11-16	177355	6164
Sweden	2020-11-17	192439	6164
Sweden	2020-11-18	196446	6321
Sweden	2020-11-19	201055	6340
Sweden	2020-11-20	208295	6406
Sweden	2020-11-21	208295	6406
Sweden	2020-11-22	208295	6406
Sweden	2020-11-23	208295	6406
Sweden	2020-11-24	225560	6406
Sweden	2020-11-25	230514	6555
Sweden	2020-11-26	236355	6622
Sweden	2020-11-27	243129	6681
Sweden	2020-11-28	243129	6681
Sweden	2020-11-29	243129	6681
Sweden	2020-11-30	243129	6681
Sweden	2020-12-01	260758	6681
Sweden	2020-12-02	266158	6972
Sweden	2020-12-03	272643	7007
Sweden	2020-12-04	278912	7067
Sweden	2020-12-05	278912	7067
Sweden	2020-12-06	278912	7067
Sweden	2020-12-07	278912	7067
Sweden	2020-12-08	297732	7067
Sweden	2020-12-09	304793	7296
Sweden	2020-12-10	312728	7354
Sweden	2020-12-11	320098	7514
Sweden	2020-12-12	320098	7514
Sweden	2020-12-13	320098	7514
Sweden	2020-12-14	320098	7514
Sweden	2020-12-15	341029	7514
Sweden	2020-12-16	348585	7802
Sweden	2020-12-17	357466	7893
Sweden	2020-12-18	367120	7993
Sweden	2020-12-19	367120	7993
Sweden	2020-12-20	367120	7993
Sweden	2020-12-21	367120	7993
Sweden	2020-12-22	389439	7993
Sweden	2020-12-23	396048	8279
Sweden	2020-12-24	396048	8279
Sweden	2020-12-25	396048	8279
Sweden	2020-12-26	396048	8279
Sweden	2020-12-27	396048	8279
Sweden	2020-12-28	396048	8279
Sweden	2020-12-29	428533	8279
Sweden	2020-12-30	437379	8727
Sweden	2020-12-31	437379	8727
Sweden	2021-01-01	437379	8727
Sweden	2021-01-02	437379	8727
Sweden	2021-01-03	437379	8727
Sweden	2021-01-04	437379	8727
Sweden	2021-01-05	469748	8965
Sweden	2021-01-06	469748	8965
Sweden	2021-01-07	482284	9262
Sweden	2021-01-08	489471	9433
Sweden	2021-01-09	489471	9433
Sweden	2021-01-10	489471	9433
Sweden	2021-01-11	489471	9433
Sweden	2021-01-12	506866	9433
Sweden	2021-01-13	512203	9834
Sweden	2021-01-14	518783	10185
Sweden	2021-01-15	523486	10323
Sweden	2021-01-16	523486	10323
Sweden	2021-01-17	523486	10323
Sweden	2021-01-18	523486	10323
Sweden	2021-01-19	533265	10323
Sweden	2021-01-20	537967	10797
Sweden	2021-01-21	542952	10921
Sweden	2021-01-22	547166	11005
Sweden	2021-01-23	547166	11005
Sweden	2021-01-24	547166	11005
Sweden	2021-01-25	547166	11005
Sweden	2021-01-26	556289	11247
Sweden	2021-01-27	560472	11425
Sweden	2021-01-28	564557	11520
Sweden	2021-01-29	566957	11591
Sweden	2021-01-30	566957	11591
Sweden	2021-01-31	566957	11591
Sweden	2021-02-01	566957	11591
Sweden	2021-02-02	576606	11815
Sweden	2021-02-03	580916	11939
Sweden	2021-02-04	584674	12028
Sweden	2021-02-05	588062	12115
Sweden	2021-02-06	588062	12115
Sweden	2021-02-07	588062	12115
Sweden	2021-02-08	588062	12115
Sweden	2021-02-09	596174	12188
Sweden	2021-02-10	600244	12326
Sweden	2021-02-11	604577	12370
Sweden	2021-02-12	608411	12428
Sweden	2021-02-13	608411	12428
Sweden	2021-02-14	608411	12428
Sweden	2021-02-15	608411	12428
Sweden	2021-02-16	617869	12487
Sweden	2021-02-17	622102	12569
Sweden	2021-02-18	627022	12598
Sweden	2021-02-19	631166	12649
Sweden	2021-02-20	631166	12649
Sweden	2021-02-21	631166	12649
Sweden	2021-02-22	631166	12649
Sweden	2021-02-23	642099	12713
Sweden	2021-02-24	647470	12793
Sweden	2021-02-25	652465	12798
Sweden	2021-02-26	657309	12826
Sweden	2021-02-27	657309	12826
Sweden	2021-02-28	657309	12826
Sweden	2021-03-01	657309	12826
Sweden	2021-03-02	669113	12882
Sweden	2021-03-03	675292	12964
Sweden	2021-03-04	680130	12977
Sweden	2021-03-05	684961	13003
Sweden	2021-03-06	684961	13003
Sweden	2021-03-07	684961	13003
Sweden	2021-03-08	684961	13003
Sweden	2021-03-09	695975	13042
Sweden	2021-03-10	701892	13088
Sweden	2021-03-11	707192	13111
Sweden	2021-03-12	712527	13146
Sweden	2021-03-13	712527	13146
Sweden	2021-03-14	712527	13146
Sweden	2021-03-15	712527	13146
Sweden	2021-03-16	725289	13172
Sweden	2021-03-17	732070	13228
Sweden	2021-03-18	738537	13236
Sweden	2021-03-19	744272	13262
Sweden	2021-03-20	744272	13262
Sweden	2021-03-21	744272	13262
Sweden	2021-03-22	744272	13262
Sweden	2021-03-23	758335	13315
Sweden	2021-03-24	765984	13357
Sweden	2021-03-25	773690	13373
Sweden	2021-03-26	780018	13402
Sweden	2021-03-27	780018	13402
Sweden	2021-03-28	780018	13402
Sweden	2021-03-29	780018	13402
Sweden	2021-03-30	796445	13430
Sweden	2021-03-31	804886	13465
Sweden	2021-04-01	813191	13498
Sweden	2021-04-02	813191	13498
Sweden	2021-04-03	813191	13498
Sweden	2021-04-04	813191	13498
Sweden	2021-04-05	813191	13498
Sweden	2021-04-06	834993	13533
Sweden	2021-04-07	841807	13578
Sweden	2021-04-08	849629	13595
Sweden	2021-04-09	857401	13621
Sweden	2021-04-10	857401	13621
Sweden	2021-04-11	857401	13621
Sweden	2021-04-12	857401	13621
Sweden	2021-04-13	876506	13660
Sweden	2021-04-14	885385	13720
Sweden	2021-04-15	892480	13761
Sweden	2021-04-16	900138	13788
Sweden	2021-04-17	900138	13788
Sweden	2021-04-18	900138	13788
Sweden	2021-04-19	900138	13788
Sweden	2021-04-20	916830	13825
Sweden	2021-04-21	924340	13863
Sweden	2021-04-22	932076	13882
Sweden	2021-04-23	938343	13923
Sweden	2021-04-24	938343	13923
Sweden	2021-04-25	938343	13923
Sweden	2021-04-26	938343	13923
Sweden	2021-04-27	953254	13968
Sweden	2021-04-28	960520	14000
Sweden	2021-04-29	967678	14002
Sweden	2021-04-30	973604	14048
Sweden	2021-05-01	973604	14048
Sweden	2021-05-02	973604	14048
Sweden	2021-05-03	973604	14048
Sweden	2021-05-04	988554	14091
Sweden	2021-05-05	995595	14151
Sweden	2021-05-06	1002121	14158
Sweden	2021-05-07	1007792	14173
Sweden	2021-05-08	1007792	14173
Sweden	2021-05-09	1007792	14173
Sweden	2021-05-10	1007792	14173
Sweden	2021-05-11	1021604	14217
Sweden	2021-05-12	1027934	14267
Sweden	2021-05-13	1027934	14267
Sweden	2021-05-14	1037126	14275
Sweden	2021-05-15	1037126	14275
Sweden	2021-05-16	1037126	14275
Sweden	2021-05-17	1037126	14275
Sweden	2021-05-18	1047143	14301
Sweden	2021-05-19	1051762	14349
Sweden	2021-05-20	1055173	14351
Sweden	2021-05-21	1058341	14366
Sweden	2021-05-22	1058341	14366
Sweden	2021-05-23	1058341	14366
Sweden	2021-05-24	1058341	14366
Sweden	2021-05-25	1064375	14396
Sweden	2021-05-26	1067107	14436
Sweden	2021-05-27	1068473	14451
Sweden	2021-05-28	1068473	14451
Sweden	2021-05-29	1068473	14451
Sweden	2021-05-30	1068473	14451
Sweden	2021-05-31	1068473	14451
Sweden	2021-06-01	1068473	14451
Sweden	2021-06-02	1068473	14451
Sweden	2021-06-03	1076993	14512
Sweden	2021-06-04	1078062	14523
Sweden	2021-06-05	1078062	14523
Sweden	2021-06-06	1078062	14523
Sweden	2021-06-07	1078062	14523
Sweden	2021-06-08	1080733	14546
Sweden	2021-06-09	1081898	14562
Sweden	2021-06-10	1082729	14565
Sweden	2021-06-11	1083456	14574
Sweden	2021-06-12	1083456	14574
Sweden	2021-06-13	1083456	14574
Sweden	2021-06-14	1083456	14574
Sweden	2021-06-15	1084636	14574
Sweden	2021-06-16	1084636	14574
Sweden	2021-06-17	1084636	14574
Sweden	2021-06-18	1084636	14574
Sweden	2021-06-19	1084636	14574
Sweden	2021-06-20	1084636	14574
Sweden	2021-06-21	1084636	14574
Sweden	2021-06-22	1088014	14608
Sweden	2021-06-23	1088518	14616
Sweden	2021-06-24	1088896	14619
Sweden	2021-06-25	1088896	14619
Sweden	2021-06-26	1088896	14619
Sweden	2021-06-27	1088896	14619
Sweden	2021-06-28	1088896	14619
Sweden	2021-06-29	1089743	14626
Sweden	2021-06-30	1089990	14629
Sweden	2021-07-01	1090553	14630
Sweden	2021-07-02	1090880	14631
Sweden	2021-07-03	1090880	14631
Sweden	2021-07-04	1090880	14631
Sweden	2021-07-05	1090880	14631
Sweden	2021-07-06	1091730	14633
Sweden	2021-07-07	1092083	14639
Sweden	2021-07-08	1092308	14642
Sweden	2021-07-09	1092540	14643
Sweden	2021-07-10	1092540	14643
Sweden	2021-07-11	1092540	14643
Sweden	2021-07-12	1092540	14643
Sweden	2021-07-13	1093209	14645
Sweden	2021-07-14	1093576	14642
Sweden	2021-07-15	1093923	14643
Sweden	2021-07-16	1094287	14646
Sweden	2021-07-17	1094287	14646
Sweden	2021-07-18	1094287	14646
Sweden	2021-07-19	1094287	14646
Sweden	2021-07-20	1095279	14650
Sweden	2021-07-21	1095758	14651
Sweden	2021-07-22	1096341	14651
Sweden	2021-07-23	1096799	14651
Sweden	2021-07-24	1096799	14651
Sweden	2021-07-25	1096799	14651
Sweden	2021-07-26	1096799	14651
Sweden	2021-07-27	1098154	14655
Sweden	2021-07-28	1098795	14655
Sweden	2021-07-29	1099414	14656
Sweden	2021-07-30	1100040	14655
Sweden	2021-07-31	1100040	14655
Sweden	2021-08-01	1100040	14655
Sweden	2021-08-02	1100040	14655
Sweden	2021-08-03	1101900	14657
Sweden	2021-08-04	1102829	14657
Sweden	2021-08-05	1103693	14657
Sweden	2021-08-06	1104538	14657
Sweden	2021-08-07	1104538	14657
Sweden	2021-08-08	1104538	14657
Sweden	2021-08-09	1104538	14657
Sweden	2021-08-10	1106821	14658
Sweden	2021-08-11	1108057	14658
Sweden	2021-08-12	1109112	14658
Sweden	2021-08-13	1110147	14658
Sweden	2021-08-14	1110147	14658
Sweden	2021-08-15	1110147	14658
Sweden	2021-08-16	1110147	14658
Sweden	2021-08-17	1112958	14659
Sweden	2021-08-18	1114278	14662
Sweden	2021-08-19	1115566	14664
Sweden	2021-08-20	1116584	14668
Sweden	2021-08-21	1116584	14668
Sweden	2021-08-22	1116584	14668
Sweden	2021-08-23	1116584	14668
Sweden	2021-08-24	1119358	14670
Sweden	2021-08-25	1120628	14674
Sweden	2021-08-26	1122139	14682
Sweden	2021-08-27	1123413	14685
Sweden	2021-08-28	1123413	14685
Sweden	2021-08-29	1123413	14685
Sweden	2021-08-30	1123413	14685
Sweden	2021-08-31	1126813	14692
Sweden	2021-09-01	1127917	14692
Sweden	2021-09-02	1129131	14692
Sweden	2021-09-03	1130525	14692
Sweden	2021-09-04	1130525	14692
Sweden	2021-09-05	1130525	14692
Sweden	2021-09-06	1130525	14692
Sweden	2021-09-07	1133449	14699
Sweden	2021-09-08	1135160	14700
Sweden	2021-09-09	1136535	14702
Sweden	2021-09-10	1138017	14703
Sweden	2021-09-11	1138017	14703
Sweden	2021-09-12	1138017	14703
Sweden	2021-09-13	1138017	14703
Sweden	2021-09-14	1141673	14729
Sweden	2021-09-15	1142770	14740
Sweden	2021-09-16	1143973	14753
Sweden	2021-09-17	1144982	14775
Sweden	2021-09-18	1144982	14775
Sweden	2021-09-19	1144982	14775
Sweden	2021-09-20	1144982	14775
Sweden	2021-09-21	1146968	14790
Sweden	2021-09-22	1147879	14809
Sweden	2021-09-23	1148641	14813
Sweden	2021-09-24	1149407	14821
Sweden	2021-09-25	1149407	14821
Sweden	2021-09-26	1149407	14821
Sweden	2021-09-27	1149407	14821
Sweden	2021-09-28	1151173	14850
Sweden	2021-09-29	1152027	14856
Sweden	2021-09-30	1152886	14864
Sweden	2021-10-01	1153655	14868
Sweden	2021-10-02	1153655	14868
Sweden	2021-10-03	1153655	14868
Sweden	2021-10-04	1153655	14868
Sweden	2021-10-05	1155534	14876
Sweden	2021-10-06	1156248	14889
Sweden	2021-10-07	1157083	14904
Sweden	2021-10-08	1157822	14905
Sweden	2021-10-09	1157822	14905
Sweden	2021-10-10	1157822	14905
Sweden	2021-10-11	1157822	14905
Sweden	2021-10-12	1159560	14920
Sweden	2021-10-13	1160465	14922
Sweden	2021-10-14	1161264	14926
Sweden	2021-10-15	1161933	14956
Sweden	2021-10-16	1161933	14956
Sweden	2021-10-17	1161933	14956
Sweden	2021-10-18	1161933	14956
Sweden	2021-10-19	1163595	14963
Sweden	2021-10-20	1164402	14985
Sweden	2021-10-21	1165194	14986
Sweden	2021-10-22	1165996	14993
Sweden	2021-10-23	1165996	14993
Sweden	2021-10-24	1165996	14993
Sweden	2021-10-25	1165996	14993
Sweden	2021-10-26	1168271	15002
Sweden	2021-10-27	1169530	15016
Sweden	2021-10-28	1170422	15018
Sweden	2021-10-29	1171512	15025
Sweden	2021-10-30	1171512	15025
Sweden	2021-10-31	1171512	15025
Sweden	2021-11-01	1171512	15025
Sweden	2021-11-02	1174273	15040
Sweden	2021-11-03	1175425	15043
Sweden	2021-11-04	1176269	15050
Sweden	2021-11-05	1177094	15057
Sweden	2021-11-06	1177094	15057
Sweden	2021-11-07	1177094	15057
Sweden	2021-11-08	1177094	15057
Sweden	2021-11-09	1179192	15065
Sweden	2021-11-10	1180518	15076
Sweden	2021-11-11	1181532	15078
Sweden	2021-11-12	1182471	15082
Sweden	2021-11-13	1182471	15082
Sweden	2021-11-14	1182471	15082
Sweden	2021-11-15	1182471	15082
Sweden	2021-11-16	1185093	15094
Sweden	2021-11-17	1186387	15107
Sweden	2021-11-18	1187607	15109
Sweden	2021-11-19	1188735	15110
Sweden	2021-11-20	1188735	15110
Sweden	2021-11-21	1188735	15110
Sweden	2021-11-22	1188735	15110
Sweden	2021-11-23	1192560	15126
Sweden	2021-11-24	1194636	15142
Sweden	2021-11-25	1196688	15142
Sweden	2021-11-26	1198848	15145
Sweden	2021-11-27	1198848	15145
Sweden	2021-11-28	1198848	15145
Sweden	2021-11-29	1198848	15145
Sweden	2021-11-30	1204859	15151
Sweden	2021-12-01	1207498	15161
Sweden	2021-12-02	1209935	15164
Sweden	2021-12-03	1212145	15170
Sweden	2021-12-04	1212145	15170
Sweden	2021-12-05	1212145	15170
Sweden	2021-12-06	1212145	15170
Sweden	2021-12-07	1219557	15177
Sweden	2021-12-08	1222892	15184
Sweden	2021-12-09	1226055	15185
Sweden	2021-12-10	1229217	15191
Sweden	2021-12-11	1229217	15191
Sweden	2021-12-12	1229217	15191
Sweden	2021-12-13	1229217	15191
Sweden	2021-12-14	1238689	15204
Sweden	2021-12-15	1242733	15221
Sweden	2021-12-16	1246755	15226
Sweden	2021-12-17	1250885	15231
Sweden	2021-12-18	1250885	15231
Sweden	2021-12-19	1250885	15231
Sweden	2021-12-20	1250885	15231
Sweden	2021-12-21	1263566	15242
Sweden	2021-12-22	1268254	15259
Sweden	2021-12-23	1273313	15265
Sweden	2021-12-24	1273313	15265
Sweden	2021-12-25	1273313	15265
Sweden	2021-12-26	1273313	15265
Sweden	2021-12-27	1273313	15265
Sweden	2021-12-28	1294560	15286
Sweden	2021-12-29	1303663	15297
Sweden	2021-12-30	1314784	15310
Sweden	2021-12-31	1314784	15310
Sweden	2022-01-01	1314784	15310
Sweden	2022-01-02	1314784	15310
Sweden	2022-01-03	1314784	15310
Sweden	2022-01-04	1357753	15330
Sweden	2022-01-05	1375267	15369
Sweden	2022-01-06	1375267	15369
Sweden	2022-01-07	1416650	15377
Sweden	2022-01-08	1416650	15377
Sweden	2022-01-09	1416650	15377
Sweden	2022-01-10	1416650	15377
Sweden	2022-01-11	1487291	15431
Sweden	2022-01-12	1509230	15462
Sweden	2022-01-13	1534797	15482
Sweden	2022-01-14	1560363	15513
Sweden	2022-01-15	1560363	15513
Sweden	2022-01-16	1560363	15513
Sweden	2022-01-17	1560363	15513
Sweden	2022-01-18	1657611	15558
Sweden	2022-01-19	1700336	15625
Sweden	2022-01-20	1741710	15631
Sweden	2022-01-21	1784005	15674
Sweden	2022-01-22	1784005	15674
Sweden	2022-01-23	1784005	15674
Sweden	2022-01-24	1784005	15674
Sweden	2022-01-25	1922990	15693
Sweden	2022-01-26	1973485	15768
Sweden	2022-01-27	2015276	15778
Sweden	2022-01-28	2070456	15855
Sweden	2022-01-29	2070456	15855
Sweden	2022-01-30	2070456	15855
Sweden	2022-01-31	2070456	15855
Sweden	2022-02-01	2183910	15961
Sweden	2022-02-02	2223115	16028
Sweden	2022-02-03	2259656	16100
Sweden	2022-02-04	2287785	16180
Sweden	2022-02-05	2287785	16180
Sweden	2022-02-06	2287785	16180
Sweden	2022-02-07	2287785	16180
Sweden	2022-02-08	2354455	16244
Sweden	2022-02-09	2372637	16358
Sweden	2022-02-10	2389605	16395
Sweden	2022-02-11	2397330	16501
Sweden	2022-02-12	2397330	16501
Sweden	2022-02-13	2397330	16501
Sweden	2022-02-14	2397330	16501
Sweden	2022-02-15	2409081	16579
Sweden	2022-02-16	2414463	16716
Sweden	2022-02-17	2418560	16768
Sweden	2022-02-18	2422856	16852
Sweden	2022-02-19	2422856	16852
Sweden	2022-02-20	2422856	16852
Sweden	2022-02-21	2422856	16852
Sweden	2022-02-22	2431365	16933
Sweden	2022-02-23	2434783	17064
Sweden	2022-02-24	2437850	17083
Sweden	2022-02-25	2441142	17142
Sweden	2022-02-26	2441142	17142
Sweden	2022-02-27	2441142	17142
Sweden	2022-02-28	2441142	17142
Sweden	2022-03-01	2448182	17242
Sweden	2022-03-02	2451464	17355
Sweden	2022-03-03	2453936	17425
Sweden	2022-03-04	2455966	17512
Sweden	2022-03-05	2455966	17512
Sweden	2022-03-06	2455966	17512
Sweden	2022-03-07	2455966	17512
Sweden	2022-03-08	2460783	17549
Sweden	2022-03-09	2462952	17693
Sweden	2022-03-10	2465099	17749
Sweden	2022-03-11	2466577	17798
Sweden	2022-03-12	2466577	17798
Sweden	2022-03-13	2466577	17798
Sweden	2022-03-14	2466577	17798
Sweden	2022-03-15	2470254	17874
Sweden	2022-03-16	2472068	17937
Sweden	2022-03-17	2473707	17994
Sweden	2022-03-18	2475687	18053
Sweden	2022-03-19	2475687	18053
Sweden	2022-03-20	2475687	18053
Sweden	2022-03-21	2475687	18053
Sweden	2022-03-22	2475687	18053
Sweden	2022-03-23	2475687	18053
Sweden	2022-03-24	2481736	18189
Sweden	2022-03-25	2481736	18189
Sweden	2022-03-26	2481736	18189
Sweden	2022-03-27	2481736	18189
Sweden	2022-03-28	2481736	18189
Sweden	2022-03-29	2481736	18189
Sweden	2022-03-30	2481736	18189
Sweden	2022-03-31	2487852	18365
Sweden	2022-04-01	2487852	18365
Sweden	2022-04-02	2487852	18365
Sweden	2022-04-03	2487852	18365
Sweden	2022-04-04	2487852	18365
Sweden	2022-04-05	2487852	18365
Sweden	2022-04-06	2487852	18365
Sweden	2022-04-07	2491980	18506
Sweden	2022-04-08	2491980	18506
Sweden	2022-04-09	2491980	18506
Sweden	2022-04-10	2491980	18506
Sweden	2022-04-11	2491980	18506
Sweden	2022-04-12	2491980	18506
Sweden	2022-04-13	2491980	18506
Sweden	2022-04-14	2495996	18605
Sweden	2022-04-15	2495996	18605
Sweden	2022-04-16	2495996	18605
